log;label
"[2024-11-16 18:45:22.294] INFO r.r.l.WsLoggerServiceImpl WsLoggerServiceImpl.java:116 null http-nio-8080-exec-113 CardWS checkDocumentByBlank 01JCTTCXVMT5SA06T99SB61E3J ws - [start_time=2024-11-16T15:45:22.292&request_addr=10.30.70.15&http_code=500&response_encoding=UTF-8&execution_time_nano=2483058&time_nano=8883434775236580&query_type=SOAP&user=internetbank&document_type=ws_response&status=false&execution_time=2] <soap:Envelope xmlns:soap=""http://schemas.xmlsoap.org/soap/envelope/""><soap:Body><soap:Fault><faultcode>soap:Server</faultcode><faultstring>Limit exceeded (51/50).</faultstring></soap:Fault></soap:Body></soap:Envelope>";1
"[2024-11-15 14:35:15.968] INFO r.r.l.WsLoggerServiceImpl WsLoggerServiceImpl.java:116 null http-nio-8080-exec-20 CardWS checkDocumentByBlank 01JCQSP87X58FJ1Q5TH2Z71MF7 ws - [start_time=2024-11-15T11:35:15.965&request_addr=10.4.46.11&http_code=500&response_encoding=windows-1251&execution_time_nano=2917569&time_nano=56715750398629882&query_type=SOAP&user=mobilbank&document_type=ws_response&status=false&execution_time=2] <soap:Envelope xmlns:soap=""http://schemas.xmlsoap.org/soap/envelope/""><soap:Body><soap:Fault><faultcode>soap:Server</faultcode><faultstring>WebService processing exception</faultstring><detail><ns3:eisFault xmlns:ns7=""http://eis.rsb.ru/api/VPC"" xmlns:ns6=""http://eis.rsb.ru/api/Card"" xmlns:ns5=""http://eis.rsb.ru/api/BalanceTransfer"" xmlns:ns4=""http://eis.rsb.ru/api/GPC"" xmlns:ns3=""http://eis.rsb.ru/api/xsd/common"" xmlns:ns2=""http://eis.rsb.ru/api/CardLimits""><type>service</type><code>1</code><message>Datasource front unavailable</message><requestId>01JCQSP87X58FJ1Q5TH2Z71MF7</requestId></ns3:eisFault></detail></soap:Fault></soap:Body></soap:Envelope>";1
"[2024-11-19 23:57:42.677] INFO r.r.l.WsLoggerServiceImpl WsLoggerServiceImpl.java:116 null http-nio-8080-exec-97 AccountWS createFrontTransaction 01JD33EZVE56X703MJSYF81EEG ws - [start_time=2024-11-19T20:57:42.510&request_addr=10.30.12.72&http_code=500&response_encoding=UTF-8&execution_time_nano=166932664&time_nano=75757836992057705&query_type=SOAP&user=clientsystem&document_type=ws_response&status=false&execution_time=166] <soap:Envelope xmlns:soap=""http://schemas.xmlsoap.org/soap/envelope/""><soap:Body><soap:Fault><faultcode>soap:Server</faultcode><faultstring>WebService processing exception</faultstring><detail><ns2:eisFault xmlns:ns3=""http://eis.rsb.ru/api/Account"" xmlns:ns2=""http://eis.rsb.ru/api/xsd/common""><type>service</type><code>17001</code><message>Будущей датой можно создавать только операции инкассации!</message><requestId>01JD33EZVE56X703MJSYF81EEG</requestId></ns2:eisFault></detail></soap:Fault></soap:Body></soap:Envelope>";1
"[2024-11-19 08:05:01.154] INFO r.r.l.WsLoggerServiceImpl WsLoggerServiceImpl.java:116 null http-nio-8080-exec-44 ClientDataWS eisGetEmail 01JD1CY8E8X3QB0YX5ZEYQ1CTQ ws - [start_time=2024-11-19T05:04:51.144&request_addr=10.30.70.15&http_code=500&response_encoding=UTF-8&execution_time_nano=10009244457&time_nano=75700675468896692&query_type=SOAP&user=internetbank&document_type=ws_response&status=false&execution_time=10009] <soap:Envelope xmlns:soap=""http://schemas.xmlsoap.org/soap/envelope/""><soap:Body><soap:Fault><faultcode>soap:Server</faultcode><faultstring>WebService processing exception</faultstring><detail><ns5:eisFault xmlns:ns6=""http://eis.rsb.ru/api/xsd/bcExpress"" xmlns:ns5=""http://eis.rsb.ru/api/xsd/common"" xmlns:ns4=""http://eis.rsb.ru/api/xsd/blackList"" xmlns:ns3=""http://eis.rsb.ru/api/ClientData"" xmlns:ns2=""http://eis.rsb.ru/api/xsd/riskInfo""><type>service</type><code>17002</code><message>IO Error: null, connect lapse 10002 ms., Authentication lapse 0 ms.</message><requestId>01JD1CY8E8X3QB0YX5ZEYQ1CTQ</requestId></ns5:eisFault></detail></soap:Fault></soap:Body></soap:Envelope>";1
"[2024-11-19 08:05:01.081] INFO r.r.l.WsLoggerServiceImpl WsLoggerServiceImpl.java:116 null http-nio-8080-exec-21 ClientDataWS eisGetEmail 01JD1CY8BVBJ52117VDTAY0XRH ws - [start_time=2024-11-19T05:04:51.067&request_addr=10.30.70.14&http_code=500&response_encoding=UTF-8&execution_time_nano=10014023070&time_nano=9104213562095676&query_type=SOAP&user=internetbank&document_type=ws_response&status=false&execution_time=10014] <soap:Envelope xmlns:soap=""http://schemas.xmlsoap.org/soap/envelope/""><soap:Body><soap:Fault><faultcode>soap:Server</faultcode><faultstring>WebService processing exception</faultstring><detail><ns5:eisFault xmlns:ns6=""http://eis.rsb.ru/api/ClientData"" xmlns:ns5=""http://eis.rsb.ru/api/xsd/common"" xmlns:ns4=""http://eis.rsb.ru/api/xsd/riskInfo"" xmlns:ns3=""http://eis.rsb.ru/api/xsd/blackList"" xmlns:ns2=""http://eis.rsb.ru/api/xsd/bcExpress""><type>service</type><code>17002</code><message>IO Error: null, connect lapse 10008 ms., Authentication lapse 0 ms.</message><requestId>01JD1CY8BVBJ52117VDTAY0XRH</requestId></ns5:eisFault></detail></soap:Fault></soap:Body></soap:Envelope>";1
"[2024-11-19 08:05:00.776] INFO r.r.l.WsLoggerServiceImpl WsLoggerServiceImpl.java:116 null http-nio-8080-exec-27 ClientDataWS eisGetEmail 01JD1CY82F83XM1Z6XBS3J02NB ws - [start_time=2024-11-19T05:04:50.767&request_addr=10.4.46.11&http_code=500&response_encoding=windows-1251&execution_time_nano=10008383934&time_nano=9106770256247423&query_type=SOAP&user=mobilbank&document_type=ws_response&status=false&execution_time=10008] <soap:Envelope xmlns:soap=""http://schemas.xmlsoap.org/soap/envelope/""><soap:Body><soap:Fault><faultcode>soap:Server</faultcode><faultstring>WebService processing exception</faultstring><detail><ns6:eisFault xmlns:ns6=""http://eis.rsb.ru/api/xsd/common"" xmlns:ns5=""http://eis.rsb.ru/api/xsd/blackList"" xmlns:ns4=""http://eis.rsb.ru/api/xsd/riskInfo"" xmlns:ns3=""http://eis.rsb.ru/api/ClientData"" xmlns:ns2=""http://eis.rsb.ru/api/xsd/bcExpress""><type>service</type><code>17002</code><message>IO Error: null, connect lapse 10003 ms., Authentication lapse 0 ms.</message><requestId>01JD1CY82F83XM1Z6XBS3J02NB</requestId></ns6:eisFault></detail></soap:Fault></soap:Body></soap:Envelope>";1
"[2024-11-19 08:05:00.393] INFO r.r.l.WsLoggerServiceImpl WsLoggerServiceImpl.java:116 null http-nio-8080-exec-97 ClientDataWS eisGetEmail 01JD1CY7PK36KH15A99ECN0002 ws - [start_time=2024-11-19T05:04:50.387&request_addr=10.4.46.11&http_code=500&response_encoding=windows-1251&execution_time_nano=10005996592&time_nano=9104212874297411&query_type=SOAP&user=mobilbank&document_type=ws_response&status=false&execution_time=10005] <soap:Envelope xmlns:soap=""http://schemas.xmlsoap.org/soap/envelope/""><soap:Body><soap:Fault><faultcode>soap:Server</faultcode><faultstring>WebService processing exception</faultstring><detail><ns5:eisFault xmlns:ns6=""http://eis.rsb.ru/api/ClientData"" xmlns:ns5=""http://eis.rsb.ru/api/xsd/common"" xmlns:ns4=""http://eis.rsb.ru/api/xsd/riskInfo"" xmlns:ns3=""http://eis.rsb.ru/api/xsd/blackList"" xmlns:ns2=""http://eis.rsb.ru/api/xsd/bcExpress""><type>service</type><code>17002</code><message>IO Error: null, connect lapse 10000 ms., Authentication lapse 0 ms.</message><requestId>01JD1CY7PK36KH15A99ECN0002</requestId></ns5:eisFault></detail></soap:Fault></soap:Body></soap:Envelope>";1
"[2024-11-15 14:21:47.105] INFO r.r.l.WsLoggerServiceImpl WsLoggerServiceImpl.java:116 null http-nio-8080-exec-42 CardWS checkDocumentByBlank 01JCQRXJAXNW440VEM8G9B1YRH ws - [start_time=2024-11-15T11:21:47.101&request_addr=10.30.70.15&http_code=500&response_encoding=UTF-8&execution_time_nano=4343768&time_nano=8781219586339932&query_type=SOAP&user=internetbank&document_type=ws_response&status=false&execution_time=4] <soap:Envelope xmlns:soap=""http://schemas.xmlsoap.org/soap/envelope/""><soap:Body><soap:Fault><faultcode>soap:Server</faultcode><faultstring>WebService processing exception</faultstring><detail><ns4:eisFault xmlns:ns7=""http://eis.rsb.ru/api/GPC"" xmlns:ns6=""http://eis.rsb.ru/api/CardLimits"" xmlns:ns5=""http://eis.rsb.ru/api/VPC"" xmlns:ns4=""http://eis.rsb.ru/api/xsd/common"" xmlns:ns3=""http://eis.rsb.ru/api/BalanceTransfer"" xmlns:ns2=""http://eis.rsb.ru/api/Card""><type>service</type><code>1</code><message>Превышено количество одновременно получаемых соединений для ds: front</message><requestId>01JCQRXJAXNW440VEM8G9B1YRH</requestId></ns4:eisFault></detail></soap:Fault></soap:Body></soap:Envelope>";1
"[2024-11-15 11:52:08.042] INFO r.r.l.WsLoggerServiceImpl WsLoggerServiceImpl.java:116 null http-nio-8080-exec-4 AccountWS createFrontTransaction 01JCQGBESBY4QZ18QQ5QE40QCQ ws - [start_time=2024-11-15T08:52:05.035&request_addr=10.30.12.72&http_code=500&response_encoding=UTF-8&execution_time_nano=3006708698&time_nano=8774797522179788&query_type=SOAP&user=clientsystem&document_type=ws_response&status=false&execution_time=3006] <soap:Envelope xmlns:soap=""http://schemas.xmlsoap.org/soap/envelope/""><soap:Body><soap:Fault><faultcode>soap:Server</faultcode><faultstring>WebService processing exception</faultstring><detail><ns3:eisFault xmlns:ns3=""http://eis.rsb.ru/api/xsd/common"" xmlns:ns2=""http://eis.rsb.ru/api/Account""><type>service</type><code>1</code><message>java.util.concurrent.TimeoutException</message><requestId>01JCQGBESBY4QZ18QQ5QE40QCQ</requestId></ns3:eisFault></detail></soap:Fault></soap:Body></soap:Envelope>";1
"[2024-11-13 11:52:58.606] INFO r.r.l.WsLoggerServiceImpl WsLoggerServiceImpl.java:116 null http-nio-8080-exec-16 AccountWS createFrontTransaction 01JCJBJDECNTF30DP28GRP0Q2G ws - [start_time=2024-11-13T08:52:17.996&request_addr=10.30.12.72&http_code=500&response_encoding=UTF-8&execution_time_nano=40609265448&time_nano=8602048086109066&query_type=SOAP&user=clientsystem&document_type=ws_response&status=false&execution_time=40609] <soap:Envelope xmlns:soap=""http://schemas.xmlsoap.org/soap/envelope/""><soap:Body><soap:Fault><faultcode>soap:Server</faultcode><faultstring>WebService processing exception</faultstring><detail><ns3:eisFault xmlns:ns3=""http://eis.rsb.ru/api/xsd/common"" xmlns:ns2=""http://eis.rsb.ru/api/Account""><type>service</type><code>1</code><message>JZ006: Caught IOException: java.net.SocketTimeoutException: Read timed out use getCause() to see the error chain</message><requestId>01JCJBJDECNTF30DP28GRP0Q2G</requestId></ns3:eisFault></detail></soap:Fault></soap:Body></soap:Envelope>";1
[2024-11-18 11:31:02.079] INFO r.r.l.WsLoggerServiceImpl WsLoggerServiceImpl.java:116 null http-nio-8080-exec-12 ClientDataWS eisGetEmail 01JCZ6B2BBGPMB0ZF2PA0M0WMV ws - [start_time=2024-11-18T08:31:01.995&request_addr=10.4.46.11&http_code=500&response_encoding=windows-1251&execution_time_nano=84516360&time_nano=9032731560023611&query_type=SOAP&user=mobilbank&document_type=ws_response&status=false&execution_time=84];1
"[2024-11-20 09:55:47.187] INFO r.r.l.WsLoggerServiceImpl WsLoggerServiceImpl.java:116 null http-nio-8080-exec-56 UtilsJsonRestController executeProcedureJson 01JD45MWC768T31RNHA3AB0VEH rest - [request_addr=10.4.247.5&procedure_full_name=fias.dbo.web_f_fias_find&time_nano=9199816667106099&query_type=HTTP_POST&execution_time=40043&start_time=2024-11-20T06:55:07.143&procedure_alias=fias.dbo.web_f_fias_find&http_code=500&response_encoding=UTF-8&execution_time_nano=40043547560&user=anketa&document_type=ws_response&status=false] {""type"":""SERVICE"",""code"":""1"",""message"":""JZ006: Caught IOException: java.net.SocketTimeoutException: Read timed out use getCause() to see the error chain"",""requestId"":""01JD45MWC768T31RNHA3AB0VEH""}";1
"[2024-11-20 11:44:44.723] INFO r.r.l.WsLoggerServiceImpl WsLoggerServiceImpl.java:116 null http-nio-8080-exec-105 AccountWS getAccountsBalance 01JD4BXKRW1H7M1B43AJ2311XF ws - [start_time=2024-11-20T08:44:44.700&request_addr=10.30.73.20&http_code=null&response_encoding=UTF-8&execution_time_nano=22200450&time_nano=9203797203589988&query_type=SOAP&user=frontbrs&document_type=ws_response&status=false&execution_time=22] <soap:Envelope xmlns:soap=""http://schemas.xmlsoap.org/soap/envelope/""><soap:Body><cmn:resultInfo xmlns:cmn=""http://eis.rsb.ru/api/xsd/common""><code>2</code><message>Неизвестный код ошибки</message><requestId>01JD4BXKRW1H7M1B43AJ2311XF</requestId></cmn:resultInfo></soap:Body></soap:Envelope>";1
"[2024-11-20 11:44:44.723] INFO r.r.l.WsLoggerServiceImpl WsLoggerServiceImpl.java:116 null http-nio-8080-exec-105 AccountWS getAccountsBalance 01JD4BXKRW1H7M1B43AJ2311XF ws - [start_time=2024-11-20T08:44:44.700&request_addr=10.30.73.20&http_code=null&response_encoding=UTF-8&execution_time_nano=22200450&time_nano=9203797203589988&query_type=SOAP&user=frontbrs&document_type=ws_response&status=false&execution_time=22] <soap:Envelope xmlns:soap=""http://schemas.xmlsoap.org/soap/envelope/""><soap:Body><cmn:resultInfo xmlns:cmn=""http://eis.rsb.ru/api/xsd/common""><code>2</code><message>Неизвестный код ошибки</message><requestId>01JD4BXKRW1H7M1B43AJ2311XF</requestId></cmn:resultInfo></soap:Body></soap:Envelope>";1
"[2024-11-20 11:21:05.311] INFO r.r.l.WsLoggerServiceImpl WsLoggerServiceImpl.java:116 null http-nio-8080-exec-12 AccountWS getAccountsBalance 01JD4AJ9MPSKES0KZ6QZ0316E8 ws - [start_time=2024-11-20T08:21:05.302&request_addr=10.30.73.10&http_code=null&response_encoding=UTF-8&execution_time_nano=9332979&time_nano=9202377792059528&query_type=SOAP&user=frontbrs&document_type=ws_response&status=false&execution_time=9] <soap:Envelope xmlns:soap=""http://schemas.xmlsoap.org/soap/envelope/""><soap:Body><cmn:resultInfo xmlns:cmn=""http://eis.rsb.ru/api/xsd/common""><code>1403</code><message>ORA-01403: no data found ORA-06512: at ""BACKDB.PKG_BACKDB_DRAFT"", line 18 ORA-06512: at ""EIS.PKG_PRM_API"", line 16 ORA-06512: at line 1 </message><requestId>01JD4AJ9MPSKES0KZ6QZ0316E8</requestId></cmn:resultInfo></soap:Body></soap:Envelope>";1
"[2024-10-03 10:29:15.571] INFO r.r.l.WsLoggerServiceImpl WsLoggerServiceImpl.java:108 null http-nio-8080-exec-63 CardWS getDocumentByBlank 01J98MFNM5PQG51CESTBJS0ACK ws - [start_time=2024-10-03T07:28:35.461&request_addr=10.4.46.11&http_code=500&response_encoding=windows-1251&execution_time_nano=40110312239&time_nano=5054625051473775&query_type=SOAP&user=mobilbank&document_type=ws_response&status=false&execution_time=40110] <soap:Envelope xmlns:soap=""http://schemas.xmlsoap.org/soap/envelope/""><soap:Body><soap:Fault><faultcode>soap:Server</faultcode><faultstring>WebService processing exception</faultstring><detail><ns5:eisFault xmlns:ns7=""http://eis.rsb.ru/api/GPC"" xmlns:ns6=""http://eis.rsb.ru/api/BalanceTransfer"" xmlns:ns5=""http://eis.rsb.ru/api/xsd/common"" xmlns:ns4=""http://eis.rsb.ru/api/CardLimits"" xmlns:ns3=""http://eis.rsb.ru/api/VPC"" xmlns:ns2=""http://eis.rsb.ru/api/Card""><type>service</type><code>1</code><message>JZ0C0: Connection is already closed.</message><requestId>01J98MFNM5PQG51CESTBJS0ACK</requestId></ns5:eisFault></detail></soap:Fault></soap:Body></soap:Envelope>";1
"[2024-10-08 23:20:18.008] INFO r.r.l.WsLoggerServiceImpl WsLoggerServiceImpl.java:108 null http-nio-8080-exec-76 CardWS getVpcList 01J9PWM9YJGN1S1X9JBEWH1BH1 ws - [start_time=2024-10-08T20:20:18.002&request_addr=10.4.46.11&http_code=500&response_encoding=windows-1251&execution_time_nano=5828331&time_nano=53464052438973127&query_type=SOAP&user=mobilbank&document_type=ws_response&status=false&execution_time=5] <soap:Envelope xmlns:soap=""http://schemas.xmlsoap.org/soap/envelope/""><soap:Body><soap:Fault><faultcode>soap:Server</faultcode><faultstring>WebService processing exception</faultstring><detail><ns7:eisFault xmlns:ns7=""http://eis.rsb.ru/api/xsd/common"" xmlns:ns6=""http://eis.rsb.ru/api/Card"" xmlns:ns5=""http://eis.rsb.ru/api/GPC"" xmlns:ns4=""http://eis.rsb.ru/api/VPC"" xmlns:ns3=""http://eis.rsb.ru/api/BalanceTransfer"" xmlns:ns2=""http://eis.rsb.ru/api/CardLimits""><type>service</type><code>1</code><message>java.sql.SQLException: Cannot create PoolableConnectionFactory (JZ006: Caught IOException: java.net.ConnectException: Connection refused)</message><requestId>01J9PWM9YJGN1S1X9JBEWH1BH1</requestId></ns7:eisFault></detail></soap:Fault></soap:Body></soap:Envelope>";1
"[2024-10-01 22:07:12.664] INFO r.r.l.WsLoggerServiceImpl WsLoggerServiceImpl.java:108 null http-nio-8080-exec-25 ClientDataWS eisGetEmail 01J94QM5XZ3EM20R8682CM179M ws - [start_time=2024-10-01T19:06:31.231&request_addr=10.30.70.16&http_code=500&response_encoding=UTF-8&execution_time_nano=41433154337&time_nano=4923702144270640&query_type=SOAP&user=internetbank&document_type=ws_response&status=false&execution_time=41433] <soap:Envelope xmlns:soap=""http://schemas.xmlsoap.org/soap/envelope/""><soap:Body><soap:Fault><faultcode>soap:Server</faultcode><faultstring>WebService processing exception</faultstring><detail><ns2:eisFault xmlns:ns6=""http://eis.rsb.ru/api/xsd/riskInfo"" xmlns:ns5=""http://eis.rsb.ru/api/xsd/bcExpress"" xmlns:ns4=""http://eis.rsb.ru/api/ClientData"" xmlns:ns3=""http://eis.rsb.ru/api/xsd/blackList"" xmlns:ns2=""http://eis.rsb.ru/api/xsd/common""><type>service</type><code>604</code><message>ORA-00604: error occurred at recursive SQL level 2 ORA-01013: user requested cancel of current operation </message><requestId>01J94QM5XZ3EM20R8682CM179M</requestId></ns2:eisFault></detail></soap:Fault></soap:Body></soap:Envelope>";1
"[2024-10-01 19:39:26.207] INFO r.r.l.WsLoggerServiceImpl WsLoggerServiceImpl.java:108 null http-nio-8080-exec-44 ClientDataWS eisGetEmail 01J94F5M14QQG402RAWQQ717P9 ws - [start_time=2024-10-01T16:38:45.540&request_addr=10.4.46.11&http_code=500&response_encoding=windows-1251&execution_time_nano=40667058370&time_nano=4912278688299433&query_type=SOAP&user=mobilbank&document_type=ws_response&status=false&execution_time=40667] <soap:Envelope xmlns:soap=""http://schemas.xmlsoap.org/soap/envelope/""><soap:Body><soap:Fault><faultcode>soap:Server</faultcode><faultstring>WebService processing exception</faultstring><detail><ns5:eisFault xmlns:ns6=""http://eis.rsb.ru/api/xsd/blackList"" xmlns:ns5=""http://eis.rsb.ru/api/xsd/common"" xmlns:ns4=""http://eis.rsb.ru/api/ClientData"" xmlns:ns3=""http://eis.rsb.ru/api/xsd/bcExpress"" xmlns:ns2=""http://eis.rsb.ru/api/xsd/riskInfo""><type>service</type><code>604</code><message>ORA-00604: error occurred at recursive SQL level 1 ORA-01013: user requested cancel of current operation </message><requestId>01J94F5M14QQG402RAWQQ717P9</requestId></ns5:eisFault></detail></soap:Fault></soap:Body></soap:Envelope>";1
"[2024-10-01 22:07:12.482] INFO r.r.l.WsLoggerServiceImpl WsLoggerServiceImpl.java:108 null http-nio-8080-exec-52 ClientDataWS eisGetEmail 01J94QM62R0VPH103SD4691ASF ws - [start_time=2024-10-01T19:06:31.384&request_addr=10.30.70.11&http_code=500&response_encoding=UTF-8&execution_time_nano=41098497157&time_nano=4921144963094654&query_type=SOAP&user=internetbank&document_type=ws_response&status=false&execution_time=41098] <soap:Envelope xmlns:soap=""http://schemas.xmlsoap.org/soap/envelope/""><soap:Body><soap:Fault><faultcode>soap:Server</faultcode><faultstring>WebService processing exception</faultstring><detail><ns5:eisFault xmlns:ns6=""http://eis.rsb.ru/api/xsd/blackList"" xmlns:ns5=""http://eis.rsb.ru/api/xsd/common"" xmlns:ns4=""http://eis.rsb.ru/api/ClientData"" xmlns:ns3=""http://eis.rsb.ru/api/xsd/bcExpress"" xmlns:ns2=""http://eis.rsb.ru/api/xsd/riskInfo""><type>service</type><code>1013</code><message>ORA-01013: user requested cancel of current operation </message><requestId>01J94QM62R0VPH103SD4691ASF</requestId></ns5:eisFault></detail></soap:Fault></soap:Body></soap:Envelope>";1
"[2024-10-25 14:22:57.803] INFO r.r.l.WsLoggerServiceImpl WsLoggerServiceImpl.java:108 null http-nio-8080-exec-56 ClientDataWS getClientInfo 01JB1PMMC8FFN20QND1PH10GKA ws - [start_time=2024-10-25T11:22:57.800&request_addr=10.30.70.17&http_code=500&response_encoding=UTF-8&execution_time_nano=3145358&time_nano=6966890284094199&query_type=SOAP&user=internetbank&document_type=ws_response&status=false&execution_time=3] <soap:Envelope xmlns:soap=""http://schemas.xmlsoap.org/soap/envelope/""><soap:Body><soap:Fault><faultcode>soap:Server</faultcode><faultstring>WebService processing exception</faultstring><detail><ns6:eisFault xmlns:ns6=""http://eis.rsb.ru/api/xsd/common"" xmlns:ns5=""http://eis.rsb.ru/api/xsd/blackList"" xmlns:ns4=""http://eis.rsb.ru/api/xsd/bcExpress"" xmlns:ns3=""http://eis.rsb.ru/api/ClientData"" xmlns:ns2=""http://eis.rsb.ru/api/xsd/riskInfo""><type>service</type><code>-2147483648</code><message>DataBase error Datasource rback unavailable</message><requestId>01JB1PMMC8FFN20QND1PH10GKA</requestId></ns6:eisFault></detail></soap:Fault></soap:Body></soap:Envelope>";1
"[2024-10-13 15:58:11.018] INFO r.r.l.WsLoggerServiceImpl WsLoggerServiceImpl.java:108 null http-nio-8080-exec-34 ClientDataWS voximplantAddUser 01JA2ZA8YBSH5F07NWYZ110AAE ws - [start_time=2024-10-13T12:58:08.203&request_addr=10.30.70.16&http_code=500&response_encoding=UTF-8&execution_time_nano=2815075065&time_nano=53869525448717659&query_type=SOAP&user=internetbank&document_type=ws_response&status=false&execution_time=2815] <soap:Envelope xmlns:soap=""http://schemas.xmlsoap.org/soap/envelope/""><soap:Body><soap:Fault><faultcode>soap:Server</faultcode><faultstring>WebService processing exception</faultstring><detail><ns6:eisFault xmlns:ns6=""http://eis.rsb.ru/api/xsd/common"" xmlns:ns5=""http://eis.rsb.ru/api/xsd/riskInfo"" xmlns:ns4=""http://eis.rsb.ru/api/ClientData"" xmlns:ns3=""http://eis.rsb.ru/api/xsd/bcExpress"" xmlns:ns2=""http://eis.rsb.ru/api/xsd/blackList""><type>service</type><code>-2147483648</code><message>Ошибка вызова Voximplant</message><requestId>01JA2ZA8YBSH5F07NWYZ110AAE</requestId></ns6:eisFault></detail></soap:Fault></soap:Body></soap:Envelope>";1
"[2024-10-03 10:29:15.571] INFO r.r.l.WsLoggerServiceImpl WsLoggerServiceImpl.java:108 null http-nio-8080-exec-63 CardWS getDocumentByBlank 01J98MFNM5PQG51CESTBJS0ACK ws - [start_time=2024-10-03T07:28:35.461&request_addr=10.4.46.11&http_code=500&response_encoding=windows-1251&execution_time_nano=40110312239&time_nano=5054625051473775&query_type=SOAP&user=mobilbank&document_type=ws_response&status=false&execution_time=40110] <soap:Envelope xmlns:soap=""http://schemas.xmlsoap.org/soap/envelope/""><soap:Body><soap:Fault><faultcode>soap:Server</faultcode><faultstring>WebService processing exception</faultstring><detail><ns5:eisFault xmlns:ns7=""http://eis.rsb.ru/api/GPC"" xmlns:ns6=""http://eis.rsb.ru/api/BalanceTransfer"" xmlns:ns5=""http://eis.rsb.ru/api/xsd/common"" xmlns:ns4=""http://eis.rsb.ru/api/CardLimits"" xmlns:ns3=""http://eis.rsb.ru/api/VPC"" xmlns:ns2=""http://eis.rsb.ru/api/Card""><type>service</type><code>1</code><message>JZ0C0: Connection is already closed.</message><requestId>01J98MFNM5PQG51CESTBJS0ACK</requestId></ns5:eisFault></detail></soap:Fault></soap:Body></soap:Envelope>";1
"[2024-10-07 00:27:23.676] INFO r.r.l.WsLoggerServiceImpl WsLoggerServiceImpl.java:108 null http-nio-8080-exec-1 TransferWS getCommission 01J9HVNQ8R0M8X0SWAZCRW0F6N ws - [start_time=2024-10-06T21:27:23.672&request_addr=10.30.70.17&http_code=500&response_encoding=UTF-8&execution_time_nano=3762935&time_nano=71958017991027557&query_type=SOAP&user=internetbank&document_type=ws_response&status=false&execution_time=3] <soap:Envelope xmlns:soap=""http://schemas.xmlsoap.org/soap/envelope/""><soap:Body><soap:Fault><faultcode>soap:Server</faultcode><faultstring>WebService processing exception</faultstring><detail><ns3:eisFault xmlns:ns3=""http://eis.rsb.ru/api/xsd/common"" xmlns:ns2=""http://eis.rsb.ru/api/Transfer""><type>service</type><code>0</code><message>Database error</message><requestId>01J9HVNQ8R0M8X0SWAZCRW0F6N</requestId></ns3:eisFault></detail></soap:Fault></soap:Body></soap:Envelope>";1
"[2024-10-08 23:11:16.368] INFO r.r.l.WsLoggerServiceImpl WsLoggerServiceImpl.java:108 null http-nio-8080-exec-65 CardWS getVpcList 01J9PW3R7MD20P0PBK5JMG1XZG ws - [start_time=2024-10-08T20:11:15.572&request_addr=10.4.46.11&http_code=500&response_encoding=windows-1251&execution_time_nano=795925487&time_nano=5532345848339202&query_type=SOAP&user=mobilbank&document_type=ws_response&status=false&execution_time=795] <soap:Envelope xmlns:soap=""http://schemas.xmlsoap.org/soap/envelope/""><soap:Body><soap:Fault><faultcode>soap:Server</faultcode><faultstring>WebService processing exception</faultstring><detail><ns4:eisFault xmlns:ns7=""http://eis.rsb.ru/api/VPC"" xmlns:ns6=""http://eis.rsb.ru/api/BalanceTransfer"" xmlns:ns5=""http://eis.rsb.ru/api/CardLimits"" xmlns:ns4=""http://eis.rsb.ru/api/xsd/common"" xmlns:ns3=""http://eis.rsb.ru/api/GPC"" xmlns:ns2=""http://eis.rsb.ru/api/Card""><type>service</type><code>1</code><message>java.sql.SQLException: JZ00L: Login failed. Examine the SQLWarnings chained to this exception for the reason(s).</message><requestId>01J9PW3R7MD20P0PBK5JMG1XZG</requestId></ns4:eisFault></detail></soap:Fault></soap:Body></soap:Envelope>";1
"[2024-10-04 12:49:27.689] INFO r.r.l.WsLoggerServiceImpl WsLoggerServiceImpl.java:108 null http-nio-8080-exec-33 CreditWS getCreditReportInfo 01J9BEY8W0RDK0120WQZR41JSA ws - [start_time=2024-10-04T09:49:25.760&request_addr=10.4.46.11&http_code=500&response_encoding=windows-1251&execution_time_nano=1928747127&time_nano=71743342003900342&query_type=SOAP&user=mobilbank&document_type=ws_response&status=false&execution_time=1928] <soap:Envelope xmlns:soap=""http://schemas.xmlsoap.org/soap/envelope/""><soap:Body><soap:Fault><faultcode>soap:Server</faultcode><faultstring>WebService processing exception</faultstring><detail><ns2:eisFault xmlns:ns3=""http://eis.rsb.ru/api/Credit"" xmlns:ns2=""http://eis.rsb.ru/api/xsd/common""><type>service</type><code>-999</code><message>Ошибка запроса: https://brsc.rs-cb.ru/api/CreditReport/trafficLight</message><requestId>01J9BEY8W0RDK0120WQZR41JSA</requestId></ns2:eisFault></detail></soap:Fault></soap:Body></soap:Envelope>";1
"[2024-10-09 09:43:20.989] INFO r.r.l.WsLoggerServiceImpl WsLoggerServiceImpl.java:108 null http-nio-8080-exec-20 CreditWS getCreditReportInfo 01J9R094RHH6W21DDAJ7HN12HG ws - [start_time=2024-10-09T06:43:20.977&request_addr=10.4.46.11&http_code=500&response_encoding=windows-1251&execution_time_nano=11885520&time_nano=72164175304284693&query_type=SOAP&user=mobilbank&document_type=ws_response&status=false&execution_time=11] <soap:Envelope xmlns:soap=""http://schemas.xmlsoap.org/soap/envelope/""><soap:Body><soap:Fault><faultcode>soap:Server</faultcode><faultstring>WebService processing exception</faultstring><detail><ns2:eisFault xmlns:ns3=""http://eis.rsb.ru/api/Credit"" xmlns:ns2=""http://eis.rsb.ru/api/xsd/common""><type>service</type><code>-2147483648</code><message>Unrecognized token '&#x421;&#x43b;&#x443;&#x436;&#x431;&#x430;': was expecting (JSON String, Number, Array, Object or token 'null', 'true' or 'false') at [Source: REDACTED (`StreamReadFeature.INCLUDE_SOURCE_IN_LOCATION` disabled); line: 1, column: 7]</message><requestId>01J9R094RHH6W21DDAJ7HN12HG</requestId></ns2:eisFault></detail></soap:Fault></soap:Body></soap:Envelope>";1
"[[2024-09-25 17:23:59.369] INFO r.r.l.WsLoggerServiceImpl WsLoggerServiceImpl.java:108 null http-nio-8082-exec-1 AccountWS getAccountsBalance 01J8MS2HBTTTWD01YWNWMS0H5W ws - [start_time=2024-09-25T14:23:59.354&request_addr=10.30.50.10&http_code=null&response_encoding=UTF-8&execution_time_nano=15296432&time_nano=59883314679734615&query_type=SOAP&user=sybase&document_type=ws_response&status=false&execution_time=15] <soap:Envelope xmlns:soap=""http://schemas.xmlsoap.org/soap/envelope/""><soap:Body><cmn:resultInfo xmlns:cmn=""http://eis.rsb.ru/api/xsd/common""><code>1403</code><message>ORA-01403: no data found ORA-06512: at ""RM.PKG_RM_API"", line 2453 ORA-06512: at ""EIS.PKG_DBO_API"", line 885 ORA-06512: at line 1 </message><requestId>01J8MS2HBTTTWD01YWNWMS0H5W</requestId></cmn:resultInfo></soap:Body></soap:Envelope>  ]";1
"[2024-10-04 14:44:22.349] INFO r.r.l.WsLoggerServiceImpl WsLoggerServiceImpl.java:108 null http-nio-8080-exec-52 EsiaRestController getEsiaAccountAggregatedData 01J9BNGQMSY4KN1F45DH5N0CTC rest - [start_time=2024-10-04T11:44:22.170&request_addr=10.4.247.5&http_code=500&response_encoding=UTF-8&execution_time_nano=178761037&time_nano=5156331829369196&query_type=HTTP_POST&user=anketa&document_type=ws_response&status=false&execution_time=178] {""type"":""SERVICE"",""code"":""Server returned HTTP code 400"",""message"":""{\""error_description\"":\""ESIA-007011: The provided authorization grant or refresh token is invalid, expired, revoked, does not match the redirection URI used in the authorization request, or was issued to another client.\"",\""state\"":\""cf71aa18-3fb3-4bd7-be71-55271f179629\"",\""error\"":\""invalid_grant\""}"",""requestId"":""01J9BNGQMSY4KN1F45DH5N0CTC""}";1
"[2024-10-10 12:21:34.655] INFO r.r.l.WsLoggerServiceImpl WsLoggerServiceImpl.java:108 null http-nio-8080-exec-89 CreditProcessingWS updateCreditDecisionData 01J9TVQJTHB79G1HR6JHQD0P07 ws - [start_time=2024-10-10T09:21:34.545&request_addr=10.33.11.19&http_code=500&response_encoding=UTF-8&execution_time_nano=110260487&time_nano=5663607136022762&query_type=SOAP&user=sas_rtdm&document_type=ws_response&status=false&execution_time=110] <soap:Envelope xmlns:soap=""http://schemas.xmlsoap.org/soap/envelope/""><soap:Body><soap:Fault><faultcode>soap:Server</faultcode><faultstring>WebService processing exception</faultstring><detail><ns2:eisFault xmlns:ns3=""http://eis.rsb.ru/api/CreditProcessing"" xmlns:ns2=""http://eis.rsb.ru/api/xsd/common""><type>service</type><code>2601</code><message>Attempt to insert duplicate key row in object 't_SF_Response' with unique index 't_SF_Response_IdBlankRequestId' </message><requestId>01J9TVQJTHB79G1HR6JHQD0P07</requestId></ns2:eisFault></detail></soap:Fault></soap:Body></soap:Envelope>";1
"[2024-10-15 14:41:01.392] INFO r.r.l.WsLoggerServiceImpl WsLoggerServiceImpl.java:108 null http-nio-8080-exec-59 CardStatementWS checkSmsCodeForStatement 01JA7ZPGHSAHSG0BX91GHW13J9 ws - [start_time=2024-10-15T11:41:01.369&request_addr=10.30.101.26&http_code=500&response_encoding=UTF-8&execution_time_nano=23541397&time_nano=72700435707310652&query_type=SOAP&user=statement&document_type=ws_response&status=false&execution_time=23] <soap:Envelope xmlns:soap=""http://schemas.xmlsoap.org/soap/envelope/""><soap:Body><soap:Fault><faultcode>soap:Server</faultcode><faultstring>WebService processing exception</faultstring><detail><ns3:eisFault xmlns:ns3=""http://eis.rsb.ru/api/xsd/common"" xmlns:ns2=""http://eis.rsb.ru/api/CardStatement""><type>business</type><code>-5</code><message>Ошибка API of statement, расшифровку см. в документации</message><requestId>01JA7ZPGHSAHSG0BX91GHW13J9</requestId></ns3:eisFault></detail></soap:Fault></soap:Body></soap:Envelope>";1
"[2024-10-15 15:17:08.753] INFO r.r.l.WsLoggerServiceImpl WsLoggerServiceImpl.java:108 null http-nio-8080-exec-52 CardStatementWS checkClientHash 01JA81QNKHQEMD0JXJQT7F032D ws - [start_time=2024-10-15T12:16:36.465&request_addr=10.30.101.26&http_code=500&response_encoding=UTF-8&execution_time_nano=32287585709&time_nano=6108698233413240&query_type=SOAP&user=statement&document_type=ws_response&status=false&execution_time=32287] <soap:Envelope xmlns:soap=""http://schemas.xmlsoap.org/soap/envelope/""><soap:Body><soap:Fault><faultcode>soap:Server</faultcode><faultstring>WebService processing exception</faultstring><detail><ns3:eisFault xmlns:ns3=""http://eis.rsb.ru/api/xsd/common"" xmlns:ns2=""http://eis.rsb.ru/api/CardStatement""><type>service</type><code>2</code><message>Сервис недоступен, повторите попытку позже</message><requestId>01JA81QNKHQEMD0JXJQT7F032D</requestId></ns3:eisFault></detail></soap:Fault></soap:Body></soap:Envelope>";1
"[2024-10-10 06:48:26.189] INFO r.r.l.WsLoggerServiceImpl WsLoggerServiceImpl.java:108 null http-nio-8080-exec-6 CardStatementWS checkClientHash 01J9T8KRB25QN916W3644C1Q0N ws - [start_time=2024-10-10T03:47:26.178&request_addr=10.30.101.26&http_code=500&response_encoding=UTF-8&execution_time_nano=60010886241&time_nano=5646175669590379&query_type=SOAP&user=statement&document_type=ws_response&status=false&execution_time=60010] <soap:Envelope xmlns:soap=""http://schemas.xmlsoap.org/soap/envelope/""><soap:Body><soap:Fault><faultcode>soap:Server</faultcode><faultstring>WebService processing exception</faultstring><detail><ns3:eisFault xmlns:ns3=""http://eis.rsb.ru/api/xsd/common"" xmlns:ns2=""http://eis.rsb.ru/api/CardStatement""><type>service</type><code>Server returned HTTP code 404</code><message>&lt;html>&#xd; &lt;head>&lt;title>404 Not Found&lt;/title>&lt;/head>&#xd; &lt;body>&#xd; &lt;center>&lt;h1>404 Not Found&lt;/h1>&lt;/center>&#xd; &lt;hr>&lt;center>nginx/1.16.1&lt;/center>&#xd; &lt;/body>&#xd; &lt;/html>&#xd; </message><requestId>01J9T8KRB25QN916W3644C1Q0N</requestId></ns3:eisFault></detail></soap:Fault></soap:Body></soap:Envelope>";1
"[2024-10-09 08:50:48.983] INFO r.r.l.WsLoggerServiceImpl WsLoggerServiceImpl.java:108 null http-nio-8080-exec-54 CardWS getCreditCardStatusAndParamsAll 01J9QX8YMBJG0R1PMC777B147J ws - [start_time=2024-10-09T05:50:48.971&request_addr=10.30.70.12&http_code=500&response_encoding=UTF-8&execution_time_nano=11678487&time_nano=53498283413449709&query_type=SOAP&user=internetbank&document_type=ws_response&status=false&execution_time=11] <soap:Envelope xmlns:soap=""http://schemas.xmlsoap.org/soap/envelope/""><soap:Body><soap:Fault><faultcode>soap:Server</faultcode><faultstring>WebService processing exception</faultstring><detail><ns7:eisFault xmlns:ns7=""http://eis.rsb.ru/api/xsd/common"" xmlns:ns6=""http://eis.rsb.ru/api/Card"" xmlns:ns5=""http://eis.rsb.ru/api/GPC"" xmlns:ns4=""http://eis.rsb.ru/api/VPC"" xmlns:ns3=""http://eis.rsb.ru/api/BalanceTransfer"" xmlns:ns2=""http://eis.rsb.ru/api/CardLimits""><type>service</type><code>2812</code><message>Stored procedure 'web_ask_f_anketa_card_find' not found. Specify owner.objectname or use sp_help to check whether the object exists (sp_help may produce lots of output). </message><requestId>01J9QX8YMBJG0R1PMC777B147J</requestId></ns7:eisFault></detail></soap:Fault></soap:Body></soap:Envelope>";1
"[2024-09-30 20:40:02.205] INFO r.r.l.WsLoggerServiceImpl WsLoggerServiceImpl.java:108 null http-nio-8080-exec-1 CreditWS getCreditDetailInfo 01J92092BE37EK05B4Y8N211E1 ws - [start_time=2024-09-30T17:40:01.006&request_addr=10.4.46.11&http_code=500&response_encoding=windows-1251&execution_time_nano=1198585133&time_nano=52763236635667718&query_type=SOAP&user=mobilbank&document_type=ws_response&status=false&execution_time=1198] <soap:Envelope xmlns:soap=""http://schemas.xmlsoap.org/soap/envelope/""><soap:Body><soap:Fault><faultcode>soap:Server</faultcode><faultstring>WebService processing exception</faultstring><detail><ns3:eisFault xmlns:ns3=""http://eis.rsb.ru/api/xsd/common"" xmlns:ns2=""http://eis.rsb.ru/api/Credit""><type>service</type><code>17003</code><message>f_ws = 1136416427 Divide by zero occurred. </message><requestId>01J92092BE37EK05B4Y8N211E1</requestId></ns3:eisFault></detail></soap:Fault></soap:Body></soap:Envelope>";1
"[2024-11-18 20:56:08.353] INFO r.r.l.WsLoggerServiceImpl WsLoggerServiceImpl.java:116 null http-nio-8080-exec-56 EsiaRestController getEsiaAccountAggregatedData 01JD06NSZW7KB90HVD6Y4X0P83 rest - [start_time=2024-11-18T17:56:08.317&request_addr=10.4.247.5&http_code=500&response_encoding=UTF-8&execution_time_nano=36367126&time_nano=9064080833940269&query_type=HTTP_POST&user=anketa&document_type=ws_response&status=false&execution_time=36] {""type"":""SERVICE"",""code"":""Server returned HTTP code 400"",""message"":""{\""error_description\"":\""ESIA-007011: The provided authorization grant or refresh token is invalid, expired, revoked, does not match the redirection URI used in the authorization request, or was issued to another client.\"",\""state\"":\""132bb03d-2a25-41c5-85fb-e1651ffc56f7\"",\""error\"":\""invalid_grant\""}"",""requestId"":""01JD06NSZW7KB90HVD6Y4X0P83""}";1
"[2024-10-11 11:12:02.244] INFO r.r.l.WsLoggerServiceImpl WsLoggerServiceImpl.java:108 null http-nio-8080-exec-36 CardWS checkDocumentByBlank 01J9XA4Z9BK3MR1KK5WJZ50QRH ws - [start_time=2024-10-11T08:12:02.219&request_addr=10.30.70.17&http_code=500&response_encoding=UTF-8&execution_time_nano=25108259&time_nano=53679556674512365&query_type=SOAP&user=internetbank&document_type=ws_response&status=false&execution_time=25] <soap:Envelope xmlns:soap=""http://schemas.xmlsoap.org/soap/envelope/""><soap:Body><soap:Fault><faultcode>soap:Server</faultcode><faultstring>WebService processing exception</faultstring><detail><ns7:eisFault xmlns:ns7=""http://eis.rsb.ru/api/xsd/common"" xmlns:ns6=""http://eis.rsb.ru/api/CardLimits"" xmlns:ns5=""http://eis.rsb.ru/api/BalanceTransfer"" xmlns:ns4=""http://eis.rsb.ru/api/Card"" xmlns:ns3=""http://eis.rsb.ru/api/GPC"" xmlns:ns2=""http://eis.rsb.ru/api/VPC""><type>business</type><code>-1</code><message>Документы по анкете не найдены</message><requestId>01J9XA4Z9BK3MR1KK5WJZ50QRH</requestId></ns7:eisFault></detail></soap:Fault></soap:Body></soap:Envelope>";0
"[2024-10-11 13:31:12.261] INFO r.r.l.WsLoggerServiceImpl WsLoggerServiceImpl.java:108 null http-nio-8080-exec-33 AccountWS createFrontTransaction 01J9XJ3S2758430P14E3M90HBP ws - [start_time=2024-10-11T10:31:11.687&request_addr=10.30.12.72&http_code=200&response_encoding=UTF-8&execution_time_nano=573513060&time_nano=53687906691783274&query_type=SOAP&user=clientsystem&document_type=ws_response&status=true&execution_time=573] <soap:Envelope xmlns:soap=""http://schemas.xmlsoap.org/soap/envelope/""><soap:Body><ns2:createFrontTransactionResponse xmlns:ns2=""http://eis.rsb.ru/api/Account"" xmlns:ns3=""http://eis.rsb.ru/api/xsd/common""><xmlout> &lt;block&gt;&lt;number&gt;0&lt;/number&gt;&lt;idFrontBRS&gt;547316767&lt;/idFrontBRS&gt;&lt;errorcode&gt;1&lt;/errorcode&gt;&lt;errortext&gt;&lt;/errortext&gt;&lt;/block&gt;</xmlout><frontErrorCode>0</frontErrorCode><resultInfo><code>0</code><message>OK</message></resultInfo></ns2:createFrontTransactionResponse></soap:Body></soap:Envelope>";0
"[2024-10-11 13:44:48.086] INFO r.r.l.WsLoggerServiceImpl WsLoggerServiceImpl.java:108 null http-nio-8080-exec-40 ClientDataWS eisGetEmail 01J9XJWP959DH40JECK6KF00FF ws - [start_time=2024-10-11T10:44:48.037&request_addr=10.4.46.11&http_code=200&response_encoding=windows-1251&execution_time_nano=48780184&time_nano=5757557566285710&query_type=SOAP&user=mobilbank&document_type=ws_response&status=true&execution_time=48] <soap:Envelope xmlns:soap=""http://schemas.xmlsoap.org/soap/envelope/""><soap:Body><ns5:eisGetEmailResponse xmlns:ns6=""http://eis.rsb.ru/api/xsd/bcExpress"" xmlns:ns5=""http://eis.rsb.ru/api/ClientData"" xmlns:ns4=""http://eis.rsb.ru/api/xsd/blackList"" xmlns:ns3=""http://eis.rsb.ru/api/xsd/common"" xmlns:ns2=""http://eis.rsb.ru/api/xsd/riskInfo""><code>ok</code><email>IGLEOS70@YANDEX.RU</email><isVerified>1</isVerified></ns5:eisGetEmailResponse></soap:Body></soap:Envelope>";0
"[2024-10-11 13:46:03.377] INFO r.r.l.WsLoggerServiceImpl WsLoggerServiceImpl.java:108 null http-nio-8080-exec-55 CreditWS getPartRepaymentAmount 01J9XJYZTF5JNP1M17ESPH1NVH ws - [start_time=2024-10-11T10:46:03.343&request_addr=10.4.46.11&http_code=200&response_encoding=windows-1251&execution_time_nano=34781157&time_nano=53688797808246995&query_type=SOAP&user=mobilbank&document_type=ws_response&status=true&execution_time=34] <soap:Envelope xmlns:soap=""http://schemas.xmlsoap.org/soap/envelope/""><soap:Body><ns2:getPartRepaymentAmountResponse xmlns:ns3=""http://eis.rsb.ru/api/xsd/common"" xmlns:ns2=""http://eis.rsb.ru/api/Credit""><newRepaymentAmount>3599.0000000000000000000</newRepaymentAmount><idClient>22803966</idClient></ns2:getPartRepaymentAmountResponse></soap:Body></soap:Envelope>";0
"[2024-10-11 13:58:55.037] INFO r.r.l.WsLoggerServiceImpl WsLoggerServiceImpl.java:108 null http-nio-8080-exec-8 UtilsJsonRestController executeProcedureJson 01J9XKPHDG91F314ZADP7B0Y63 rest - [request_addr=10.4.247.5&procedure_full_name=mdm.dbo.ask_request_patronymic&time_nano=5755847517563980&query_type=HTTP_POST&execution_time=12&start_time=2024-10-11T10:58:55.024&procedure_alias=mdm.dbo.ask_request_patronymic&http_code=200&response_encoding=UTF-8&execution_time_nano=12384741&user=anketa&document_type=ws_response&status=true] {""resultSet"":[{""columns"":{""column"":[{""value"":""name"",""idx"":0,""type"":""VARCHAR"",""size"":80}]},""data"":{""r"":[{""c"":[{""value"":""ИГОРЕВИЧ"",""idx"":0}]},{""c"":[{""value"":""ИГОРЕВНА"",""idx"":0}]}]},""name"":null,""isCutted"":false,""size"":2}]}";0
"[2024-10-11 14:09:52.306] INFO r.r.l.WsLoggerServiceImpl WsLoggerServiceImpl.java:108 null http-nio-8080-exec-66 AccountWS getAccountsBalance 01J9XMAK8XSP3E1QRWSRC404D6 ws - [start_time=2024-10-11T11:09:52.285&request_addr=10.30.73.20&http_code=200&response_encoding=UTF-8&execution_time_nano=20881189&time_nano=72352966621495954&query_type=SOAP&user=frontbrs&document_type=ws_response&status=true&execution_time=20] <soap:Envelope xmlns:soap=""http://schemas.xmlsoap.org/soap/envelope/""><soap:Body><ns2:getAccountsBalanceResponse xmlns:ns2=""http://eis.rsb.ru/api/Account"" xmlns:ns3=""http://eis.rsb.ru/api/xsd/common""><return><accountData><initialAmount>0.00</initialAmount><blockedAmount>0.00</blockedAmount><creditLimit>0.00</creditLimit><availableAmount>0.00</availableAmount><timestamp>2024-10-11T14:09:52+03:00</timestamp><currency>RUB</currency><cardStatus>000</cardStatus><statusDescription>Approved</statusDescription><riskGroup>R_DEB</riskGroup><expiryDate>2026-04</expiryDate></accountData><postBlock><timeStamp>2024-10-11T14:09:52+03:00</timeStamp></postBlock></return></ns2:getAccountsBalanceResponse></soap:Body></soap:Envelope>";0
"xmlns:soap=""http://schemas.xmlsoap.org/soap/envelope/""><soap:Body><ns3:getAccountsBalanceForProductResponse xmlns:ns2=""http://eis.rsb.ru/api/xsd/common"" xmlns:ns3=""http://eis.rsb.ru/api/Account""><return><accountData><initialAmount>0.00</initialAmount><blockedAmount>0.00</blockedAmount><creditLimit>0.00</creditLimit><availableAmount>0.00</availableAmount><timestamp>2024-10-11T14:24:08+03:00</timestamp><currency>RUB</currency><cardStatus>000</cardStatus><status>ACTIVE</status></accountData><postBlock><timeStamp>2024-10-11T14:24:08+03:00</timeStamp></postBlock><accountSystem>TM</accountSystem></return></ns3:getAccountsBalanceForProductResponse></soap:Body></soap:Envelope>";0
"[2024-10-11 14:31:09.257] INFO r.r.l.WsLoggerServiceImpl WsLoggerServiceImpl.java:108 null http-nio-8080-exec-11 LoyaltyWS getAvailablePromotions 01J9XNHG73VZ9715G3CHAN060R ws - [start_time=2024-10-11T11:31:07.107&request_addr=10.4.46.11&http_code=200&response_encoding=windows-1251&execution_time_nano=2149567758&time_nano=53691503687661358&query_type=SOAP&user=mobilbank&document_type=ws_response&status=true&execution_time=2149] <soap:Envelope xmlns:soap=""http://schemas.xmlsoap.org/soap/envelope/""><soap:Body><ns2:getAvailablePromotionsResponse xmlns:ns3=""http://eis.rsb.ru/api/xsd/common"" xmlns:ns2=""http://eis.rsb.ru/api/Loyalty""><return><loyaltyProgramCode>RS_CASHB</loyaltyProgramCode><resultInfo><code>0</code><message>OK</message></resultInfo><availablePromotions><promoCode>1101225</promoCode><isRegistrationNeeded>false</isRegistrationNeeded><isActivated>false</isActivated><promoName>5% cashback &#x432; &#x43a;&#x430;&#x442;&#x435;&#x433;&#x43e;&#x440;&#x438;&#x438; &#x422;&#x430;&#x43a;&#x441;&#x438;</promoName><promoBeginDate>2020-09-28+03:00</promoBeginDate><promoRate>5.000000</promoRate><industry>&#x41f;&#x440;&#x43e;&#x43a;&#x430;&#x442; &#x430;&#x432;&#x442;&#x43e;&#x43c;&#x43e;&#x431;&#x438;&#x43b;&#x435;&#x439;, &#x442;&#x430;&#x43a;&#x441;&#x438;</industry><promoType>target</promoType><currency>810</currency><scaleVisible>1</scaleVisible><isCredit>0</isCredit><isDeposit>0</isDeposit><isAccount>0</isAccount><maxSubPromotions>0</maxSubPromotions></availablePromotions><availablePromotions><promoCode>1101226</promoCode><isRegistrationNeeded>false</isRegistrationNeeded><isActivated>false</isActivated><promoName>5% cashback &#x432; &#x43a;&#x430;&#x442;&#x435;&#x433;&#x43e;&#x440;&#x438;&#x438; &#x413;&#x43e;&#x440;&#x43e;&#x434;&#x441;&#x43a;&#x43e;&#x439; &#x442;&#x440;&#x430;&#x43d;&#x441;&#x43f;&#x43e;&#x440;&#x442;</promoName><promoBeginDate>2020-09-28+03:00</promoBeginDate><promoRate>5.000000</promoRate><industry>&#x41f;&#x440;&#x43e;&#x43a;&#x430;&#x442; &#x430;&#x432;&#x442;&#x43e;&#x43c;&#x43e;&#x431;&#x438;&#x43b;&#x435;&#x439;, &#x442;&#x430;&#x43a;&#x441;&#x438;</industry><promoType>target</promoType><currency>810</currency><scaleVisible>1</scaleVisible><isCredit>0</isCredit><isDeposit>0</isDeposit><isAccount>0</isAccount><maxSubPromotions>0</maxSubPromotions></availablePromotions><availablePromotions><promoCode>1101227</promoCode><isRegistrationNeeded>false</isRegistrationNeeded><isActivated>false</isActivated><promoName>5% cashback &#x432; &#x43a;&#x430;&#x442;&#x435;&#x433;&#x43e;&#x440;&#x438;&#x438; &#x41f;&#x430;&#x440;&#x43a;&#x43e;&#x432;&#x43a;&#x438; &#x438; &#x43f;&#x43b;&#x430;&#x442;&#x43d;&#x44b;&#x435; &#x434;&#x43e;&#x440;&#x43e;&#x433;&#x438;</promoName><promoBeginDate>2020-09-28+03:00</promoBeginDate><promoRate>5.000000</promoRate><industry>&#x41f;&#x440;&#x43e;&#x447;&#x435;&#x435;</industry><promoType>target</promoType><currency>810</currency><scaleVisible>1</scaleVisible><isCredit>0</isCredit><isDeposit>0</isDeposit><isAccount>0</isAccount><maxSubPromotions>0</maxSubPromotions></availablePromotions><availablePromotions><promoCode>1101228</promoCode><isRegistrationNeeded>false</isRegistrationNeeded><isActivated>false</isActivated><promoName>5% cashback &#x437;&#x430; &#x43e;&#x43f;&#x43b;&#x430;&#x442;&#x443; &#x416;&#x41a;&#x425;</promoName><promoBeginDate>2020-09-28+03:00</promoBeginDate><promoRate>5.000000</promoRate><industry>&#x41f;&#x440;&#x43e;&#x447;&#x435;&#x435;</industry><promoType>target</promoType><currency>810</currency><scaleVisible>1</scaleVisible><isCredit>0</isCredit><isDeposit>0</isDeposit><isAccount>0</isAccount><maxSubPromotions>0</maxSubPromotions></availablePromotions><availablePromotions><promoCode>1101229</promoCode><isRegistrationNeeded>false</isRegistrationNeeded><isActivated>false</isActivated><promoName>5% cashback &#x437;&#x430; &#x43e;&#x43f;&#x43b;&#x430;&#x442;&#x443; &#x418;&#x43d;&#x442;&#x435;&#x440;&#x43d;&#x435;&#x442;&#x430; &#x438; &#x43f;&#x43b;&#x430;&#x442;&#x43d;&#x43e;&#x433;&#x43e; &#x422;&#x412;</promoName><promoBeginDate>2020-09-28+03:00</promoBeginDate><promoRate>5.000000</promoRate><industry>&#x41f;&#x440;&#x43e;&#x447;&#x435;&#x435;</industry><promoType>target</promoType><currency>810</currency><scaleVisible>1</scaleVisible><isCredit>0</isCredit><isDeposit>0</isDeposit><isAccount>0</isAccount><maxSubPromotions>0</maxSubPromotions></availablePromotions><availablePromotions><promoCode>110141</promoCode><promoDescription>&#x43d;&#x430; &#x422;&#x443;&#x440;&#x43f;&#x43e;&#x440;&#x442;&#x430;&#x43b;&#x435; travel.rsb.ru</promoDescription><isRegistrationNeeded>false</isRegistrationNeeded><isActivated>false</isActivated><promoName>10% &#x437;&#x430; &#x431;&#x440;&#x43e;&#x43d;&#x438;&#x440;&#x43e;&#x432;&#x430;&#x43d;&#x438;&#x435; &#x43e;&#x442;&#x435;&#x43b;&#x435;&#x439;</promoName><promoBeginDate>2018-04-13+03:00</promoBeginDate><promoRate>10.000000</promoRate><industry>&#x41f;&#x443;&#x442;&#x435;&#x448;&#x435;&#x441;&#x442;&#x432;&#x438;&#x44f;, &#x442;&#x443;&#x440;&#x438;&#x437;&#x43c; &#x438; &#x43e;&#x442;&#x434;&#x44b;&#x445;</industry><promoType>target</promoType><currency>810</currency><scaleVisible>1</scaleVisible><isCredit>0</isCredit><isDeposit>0</isDeposit><isAccount>0</isAccount><maxSubPromotions>0</maxSubPromotions></availablePromotions><availablePromotions><promoCode>110142</promoCode><promoDescription>&#x43d;&#x430; &#x422;&#x443;&#x440;&#x43f;&#x43e;&#x440;&#x442;&#x430;&#x43b;&#x435; travel.rsb.ru</promoDescription><isRegistrationNeeded>false</isRegistrationNeeded><isActivated>false</isActivated><promoName>5% &#x437;&#x430; &#x43f;&#x43e;&#x43a;&#x443;&#x43f;&#x43a;&#x443; &#x436;/&#x434; &#x431;&#x438;&#x43b;&#x435;&#x442;&#x43e;&#x432;</promoName><promoBeginDate>2018-04-13+03:00</promoBeginDate><promoRate>5.000000</promoRate><industry>&#x41f;&#x443;&#x442;&#x435;&#x448;&#x435;&#x441;&#x442;&#x432;&#x438;&#x44f;, &#x442;&#x443;&#x440;&#x438;&#x437;&#x43c; &#x438; &#x43e;&#x442;&#x434;&#x44b;&#x445;</industry><promoType>target</promoType><currency>810</currency><scaleVisible>1</scaleVisible><isCredit>0</isCredit><isDeposit>0</isDeposit><isAccount>0</isAccount><maxSubPromotions>0</maxSubPromotions></availablePromotions><availablePromotions><promoCode>110143</promoCode><promoDescription> &#x43d;&#x430; &#x422;&#x443;&#x440;&#x43f;&#x43e;&#x440;&#x442;&#x430;&#x43b;&#x435; travel.rsb.ru</promoDescription><isRegistrationNeeded>false</isRegistrationNeeded><isActivated>false</isActivated><promoName>2% &#x437;&#x430; &#x43f;&#x43e;&#x43a;&#x443;&#x43f;&#x43a;&#x443; &#x430;&#x432;&#x438;&#x430;&#x431;&#x438;&#x43b;&#x435;&#x442;&#x43e;&#x432;</promoName><promoBeginDate>2018-04-13+03:00</promoBeginDate><promoRate>2.000000</promoRate><industry>&#x41f;&#x443;&#x442;&#x435;&#x448;&#x435;&#x441;&#x442;&#x432;&#x438;&#x44f;, &#x442;&#x443;&#x440;&#x438;&#x437;&#x43c; &#x438; &#x43e;&#x442;&#x434;&#x44b;&#x445;</industry><promoType>target</promoType><currency>810</currency><scaleVisible>1</scaleVisible><isCredit>0</isCredit><isDeposit>0</isDeposit><isAccount>0</isAccount><maxSubPromotions>0</maxSubPromotions></availablePromotions></return></ns2:getAvailablePromotionsResponse></soap:Body></soap:Envelope>";0
"[2024-10-11 14:32:55.007] INFO r.r.l.WsLoggerServiceImpl WsLoggerServiceImpl.java:108 null http-nio-8080-exec-75 CardWS checkDocumentByBlank 01J9XNMSJAZ5NB05X4QVYA0X30 ws - [start_time=2024-10-11T11:32:54.986&request_addr=10.30.70.13&http_code=500&response_encoding=UTF-8&execution_time_nano=21404911&time_nano=53691609438144458&query_type=SOAP&user=internetbank&document_type=ws_response&status=false&execution_time=21] <soap:Envelope xmlns:soap=""http://schemas.xmlsoap.org/soap/envelope/""><soap:Body><soap:Fault><faultcode>soap:Server</faultcode><faultstring>WebService processing exception</faultstring><detail><ns7:eisFault xmlns:ns7=""http://eis.rsb.ru/api/xsd/common"" xmlns:ns6=""http://eis.rsb.ru/api/CardLimits"" xmlns:ns5=""http://eis.rsb.ru/api/BalanceTransfer"" xmlns:ns4=""http://eis.rsb.ru/api/Card"" xmlns:ns3=""http://eis.rsb.ru/api/GPC"" xmlns:ns2=""http://eis.rsb.ru/api/VPC""><type>business</type><code>-1</code><message>Документы по анкете не найдены</message><requestId>01J9XNMSJAZ5NB05X4QVYA0X30</requestId></ns7:eisFault></detail></soap:Fault></soap:Body></soap:Envelope>";0
"[2024-10-11 15:16:08.867] INFO r.r.l.WsLoggerServiceImpl WsLoggerServiceImpl.java:108 null http-nio-8080-exec-28 CreditWS getCreditDetailInfoList 01J9XR3YMRR0HZ0FFQETMP16KN ws - [start_time=2024-10-11T12:16:08.856&request_addr=10.30.70.10&http_code=500&response_encoding=UTF-8&execution_time_nano=11311269&time_nano=5760481347828452&query_type=SOAP&user=internetbank&document_type=ws_response&status=false&execution_time=11] <soap:Envelope xmlns:soap=""http://schemas.xmlsoap.org/soap/envelope/""><soap:Body><soap:Fault><faultcode>soap:Server</faultcode><faultstring>WebService processing exception</faultstring><detail><ns3:eisFault xmlns:ns3=""http://eis.rsb.ru/api/xsd/common"" xmlns:ns2=""http://eis.rsb.ru/api/Credit""><type>service</type><code>-2147483648</code><message>No data found for pidblank = 261600213; </message><requestId>01J9XR3YMRR0HZ0FFQETMP16KN</requestId></ns3:eisFault></detail></soap:Fault></soap:Body></soap:Envelope>";0
"[2024-10-13 15:56:22.479] INFO r.r.l.WsLoggerServiceImpl WsLoggerServiceImpl.java:108 null http-nio-8080-exec-18 ClientDataWS voximplantAddUser 01JA2Z6YGV5FP812MB28KH1FJP ws - [start_time=2024-10-13T12:56:19.227&request_addr=10.30.70.16&http_code=500&response_encoding=UTF-8&execution_time_nano=3252131325&time_nano=5938251959921839&query_type=SOAP&user=internetbank&document_type=ws_response&status=false&execution_time=3252] <soap:Envelope xmlns:soap=""http://schemas.xmlsoap.org/soap/envelope/""><soap:Body><soap:Fault><faultcode>soap:Server</faultcode><faultstring>WebService processing exception</faultstring><detail><ns3:eisFault xmlns:ns6=""http://eis.rsb.ru/api/xsd/bcExpress"" xmlns:ns5=""http://eis.rsb.ru/api/ClientData"" xmlns:ns4=""http://eis.rsb.ru/api/xsd/blackList"" xmlns:ns3=""http://eis.rsb.ru/api/xsd/common"" xmlns:ns2=""http://eis.rsb.ru/api/xsd/riskInfo""><type>service</type><code>-2147483648</code><message>Ошибка вызова Voximplant</message><requestId>01JA2Z6YGV5FP812MB28KH1FJP</requestId></ns3:eisFault></detail></soap:Fault></soap:Body></soap:Envelope>";0
"[2024-10-13 15:37:32.796] INFO r.r.l.WsLoggerServiceImpl WsLoggerServiceImpl.java:108 null http-nio-8080-exec-61 LoyaltyWS getAvailablePromotions 01JA2Y4J9X9SW01GFD1NYN0SAK ws - [start_time=2024-10-13T12:37:32.605&request_addr=10.4.46.11&http_code=200&response_encoding=windows-1251&execution_time_nano=191703455&time_nano=72531027111690054&query_type=SOAP&user=mobilbank&document_type=ws_response&status=true&execution_time=191] <soap:Envelope xmlns:soap=""http://schemas.xmlsoap.org/soap/envelope/""><soap:Body><ns2:getAvailablePromotionsResponse xmlns:ns3=""http://eis.rsb.ru/api/xsd/common"" xmlns:ns2=""http://eis.rsb.ru/api/Loyalty""><return><loyaltyProgramCode>RS_CASHB</loyaltyProgramCode><blankIdsList>null</blankIdsList><resultInfo><code>0</code><message>OK</message></resultInfo></return></ns2:getAvailablePromotionsResponse></soap:Body></soap:Envelope>";0
"[2024-10-13 16:28:05.975] INFO r.r.l.WsLoggerServiceImpl WsLoggerServiceImpl.java:108 null http-nio-8080-exec-55 CardWS getVpcList 01JA3114J5ECZK1W0DN85Q04Y0 ws - [start_time=2024-10-13T13:28:05.957&request_addr=10.4.46.11&http_code=500&response_encoding=windows-1251&execution_time_nano=17363348&time_nano=72534060289897925&query_type=SOAP&user=mobilbank&document_type=ws_response&status=false&execution_time=17] <soap:Envelope xmlns:soap=""http://schemas.xmlsoap.org/soap/envelope/""><soap:Body><soap:Fault><faultcode>soap:Server</faultcode><faultstring>WebService processing exception</faultstring><detail><ns6:eisFault xmlns:ns7=""http://eis.rsb.ru/api/Card"" xmlns:ns6=""http://eis.rsb.ru/api/xsd/common"" xmlns:ns5=""http://eis.rsb.ru/api/CardLimits"" xmlns:ns4=""http://eis.rsb.ru/api/BalanceTransfer"" xmlns:ns3=""http://eis.rsb.ru/api/VPC"" xmlns:ns2=""http://eis.rsb.ru/api/GPC""><type>business</type><code>-28</code><message>&#x41d;&#x438; &#x43e;&#x434;&#x43d;&#x43e;&#x439; &#x43e;&#x43f;&#x435;&#x440;&#x430;&#x446;&#x438;&#x438; &#x43d;&#x435; &#x43d;&#x430;&#x439;&#x434;&#x435;&#x43d;&#x43e;</message><requestId>01JA3114J5ECZK1W0DN85Q04Y0</requestId></ns6:eisFault></detail></soap:Fault></soap:Body></soap:Envelope>";0
"[2024-10-13 16:25:52.465] INFO r.r.l.WsLoggerServiceImpl WsLoggerServiceImpl.java:108 null http-nio-8080-exec-49 CardWS getVpcList 01JA30X25TFEC01QRN24WD116N ws - [start_time=2024-10-13T13:25:52.442&request_addr=10.4.46.11&http_code=200&response_encoding=windows-1251&execution_time_nano=23676332&time_nano=5940021945965448&query_type=SOAP&user=mobilbank&document_type=ws_response&status=true&execution_time=23] <soap:Envelope xmlns:soap=""http://schemas.xmlsoap.org/soap/envelope/""><soap:Body><ns4:getVpcListResponse xmlns:ns7=""http://eis.rsb.ru/api/Card"" xmlns:ns6=""http://eis.rsb.ru/api/xsd/common"" xmlns:ns5=""http://eis.rsb.ru/api/BalanceTransfer"" xmlns:ns4=""http://eis.rsb.ru/api/VPC"" xmlns:ns3=""http://eis.rsb.ru/api/CardLimits"" xmlns:ns2=""http://eis.rsb.ru/api/GPC""><requestId>01JA30X25TFEC01QRN24WD116N</requestId><cards><rowId>1</rowId><operationId>490834049</operationId><cardNumber>2200********9930</cardNumber><cardExpireDate>****</cardExpireDate><operationDate>2024-07-10T00:00:00+03:00</operationDate><cardType>VIRTMIR</cardType><limit>10000.00</limit><agent>internetbank</agent><currency>810</currency><paymentSystem>mir</paymentSystem><personalAccount>40914810797040005910</personalAccount></cards></ns4:getVpcListResponse></soap:Body></soap:Envelope>";0
"[2024-10-13 16:39:46.820] INFO r.r.l.WsLoggerServiceImpl WsLoggerServiceImpl.java:108 null http-nio-8080-exec-16 ClientDataWS getClientInfo 01JA31PGZVBJ1617PVZZV111C2 ws - [start_time=2024-10-13T13:39:46.811&request_addr=10.4.46.11&http_code=200&response_encoding=windows-1251&execution_time_nano=8652571&time_nano=72534761135233152&query_type=SOAP&user=mobilbank&document_type=ws_response&status=true&execution_time=8] <soap:Envelope xmlns:soap=""http://schemas.xmlsoap.org/soap/envelope/""><soap:Body><ns2:getClientInfoResponse xmlns:ns6=""http://eis.rsb.ru/api/xsd/bcExpress"" xmlns:ns5=""http://eis.rsb.ru/api/xsd/common"" xmlns:ns4=""http://eis.rsb.ru/api/xsd/riskInfo"" xmlns:ns3=""http://eis.rsb.ru/api/xsd/blackList"" xmlns:ns2=""http://eis.rsb.ru/api/ClientData""><getClientInfoResponse><lastName>&#x41a;&#x423;&#x41b;&#x418;&#x41a;&#x41e;&#x412;&#x410;</lastName><firstName>&#x415;&#x41a;&#x410;&#x422;&#x415;&#x420;&#x418;&#x41d;&#x410;</firstName><secondName>&#x412;&#x41b;&#x410;&#x414;&#x418;&#x41c;&#x418;&#x420;&#x41e;&#x412;&#x41d;&#x410;</secondName><gender>FEMALE</gender><age>25</age><mobilePhone>9625497861</mobilePhone><birthDate>31.10.1998</birthDate><citizenship>RUSSIA</citizenship></getClientInfoResponse></ns2:getClientInfoResponse></soap:Body></soap:Envelope>";0
"[2024-10-13 18:28:25.156] INFO r.r.l.WsLoggerServiceImpl WsLoggerServiceImpl.java:108 null http-nio-8080-exec-36 CardWS getCreditCardServices 01JA37XEEX253K1AWF05Q21XZ2 ws - [start_time=2024-10-13T15:28:25.053&request_addr=10.4.46.11&http_code=200&response_encoding=windows-1251&execution_time_nano=103230606&time_nano=5944817636769334&query_type=SOAP&user=mobilbank&document_type=ws_response&status=true&execution_time=103] <soap:Envelope xmlns:soap=""http://schemas.xmlsoap.org/soap/envelope/""><soap:Body><ns2:getCreditCardServicesResponse xmlns:ns7=""http://eis.rsb.ru/api/GPC"" xmlns:ns6=""http://eis.rsb.ru/api/BalanceTransfer"" xmlns:ns5=""http://eis.rsb.ru/api/CardLimits"" xmlns:ns4=""http://eis.rsb.ru/api/xsd/common"" xmlns:ns3=""http://eis.rsb.ru/api/VPC"" xmlns:ns2=""http://eis.rsb.ru/api/Card""><formInfo><marketLabel>&#x423;&#x441;&#x43b;&#x443;&#x433;&#x430; &#x43e;&#x43f;&#x43e;&#x432;&#x435;&#x449;&#x435;&#x43d;&#x438;&#x44f; &#x43e;&#x431; &#x43e;&#x43f;&#x435;&#x440;&#x430;&#x446;&#x438;&#x44f;&#x445;</marketLabel><description>&#x423;&#x441;&#x43b;&#x443;&#x433;&#x430; &#x43e;&#x43f;&#x43e;&#x432;&#x435;&#x449;&#x435;&#x43d;&#x438;&#x44f; &#x43e;&#x431; &#x43e;&#x43f;&#x435;&#x440;&#x430;&#x446;&#x438;&#x44f;&#x445; &#x43f;&#x43e;&#x437;&#x432;&#x43e;&#x43b;&#x44f;&#x435;&#x442; &#x43e;&#x43f;&#x435;&#x440;&#x430;&#x442;&#x438;&#x432;&#x43d;&#x43e; &#x43f;&#x43e;&#x43b;&#x443;&#x447;&#x430;&#x442;&#x44c; &#x438;&#x43d;&#x444;&#x43e;&#x440;&#x43c;&#x430;&#x446;&#x438;&#x44e; &#x43e;&#x431; &#x43e;&#x43f;&#x435;&#x440;&#x430;&#x446;&#x438;&#x44f;&#x445; &#x43f;&#x43e; &#x43a;&#x430;&#x440;&#x442;&#x435;. &#x41f;&#x435;&#x440;&#x432;&#x44b;&#x439; &#x43c;&#x435;&#x441;&#x44f;&#x446; &#x443;&#x441;&#x43b;&#x443;&#x433;&#x430; &#x43f;&#x440;&#x435;&#x434;&#x43e;&#x441;&#x442;&#x430;&#x432;&#x43b;&#x44f;&#x435;&#x442;&#x441;&#x44f; &#x431;&#x435;&#x441;&#x43f;&#x43b;&#x430;&#x442;&#x43d;&#x43e;, &#x434;&#x430;&#x43b;&#x435;&#x435; &#x43f;&#x43b;&#x430;&#x442;&#x430; &#x432;&#x437;&#x438;&#x43c;&#x430;&#x435;&#x442;&#x441;&#x44f; &#x432; &#x441;&#x43e;&#x43e;&#x442;&#x432;&#x435;&#x442;&#x441;&#x442;&#x432;&#x438;&#x438; &#x441; &#x422;&#x430;&#x440;&#x438;&#x444;&#x43d;&#x44b;&#x43c; &#x43f;&#x43b;&#x430;&#x43d;&#x43e;&#x43c; &#x2116; &#x422;&#x41f; 138-&#x43d;</description><cost>&#x41f;&#x435;&#x440;&#x432;&#x44b;&#x439; &#x43c;&#x435;&#x441;&#x44f;&#x446; - 0 &#x420;, &#x434;&#x430;&#x43b;&#x435;&#x435; &#x2013; 99 &#x420; &#x432; &#x43c;&#x435;&#x441;&#x44f;&#x446;. &#x41f;&#x43e;&#x434;&#x43a;&#x43b;&#x44e;&#x447;&#x438;&#x442;&#x435; &#x443;&#x441;&#x43b;&#x443;&#x433;&#x443; &#x438; &#x43f;&#x43e;&#x43b;&#x443;&#x447;&#x430;&#x439;&#x442;&#x435; &#x438;&#x43d;&#x444;&#x43e;&#x440;&#x43c;&#x430;&#x446;&#x438;&#x44e; &#x43e;&#x431; &#x43e;&#x43f;&#x435;&#x440;&#x430;&#x446;&#x438;&#x44f;&#x445; &#x43f;&#x43e; &#x43a;&#x430;&#x440;&#x442;&#x435;.</cost><serviceId>1</serviceId></formInfo><formInfo><marketLabel>&#x417;&#x430;&#x449;&#x438;&#x442;&#x430; &#x43e;&#x442; &#x43c;&#x43e;&#x448;&#x435;&#x43d;&#x43d;&#x438;&#x447;&#x435;&#x441;&#x442;&#x432;&#x430;</marketLabel><description>&#x41f;&#x440;&#x43e;&#x433;&#x440;&#x430;&#x43c;&#x43c;&#x430; &#x410;&#x41e; ?&#x411;&#x430;&#x43d;&#x43a; &#x420;&#x443;&#x441;&#x441;&#x43a;&#x438;&#x439; &#x421;&#x442;&#x430;&#x43d;&#x434;&#x430;&#x440;&#x442;? &#x43f;&#x43e; &#x43e;&#x440;&#x433;&#x430;&#x43d;&#x438;&#x437;&#x430;&#x446;&#x438;&#x438; &#x441;&#x442;&#x440;&#x430;&#x445;&#x43e;&#x432;&#x430;&#x43d;&#x438;&#x44f; &#x444;&#x438;&#x43d;&#x430;&#x43d;&#x441;&#x43e;&#x432;&#x44b;&#x445; &#x440;&#x438;&#x441;&#x43a;&#x43e;&#x432; ?&#x417;&#x430;&#x449;&#x438;&#x442;&#x430; &#x43e;&#x442; &#x43c;&#x43e;&#x448;&#x435;&#x43d;&#x43d;&#x438;&#x447;&#x435;&#x441;&#x442;&#x432;&#x430;? &#x43f;&#x43e;&#x437;&#x432;&#x43e;&#x43b;&#x438;&#x442; &#x43f;&#x43e;&#x43b;&#x443;&#x447;&#x438;&#x442;&#x44c; &#x432;&#x43e;&#x437;&#x43c;&#x435;&#x449;&#x435;&#x43d;&#x438;&#x435; &#x432; &#x441;&#x43b;&#x443;&#x447;&#x430;&#x435; &#x43c;&#x43e;&#x448;&#x435;&#x43d;&#x43d;&#x438;&#x447;&#x435;&#x441;&#x43a;&#x438;&#x445; &#x434;&#x435;&#x439;&#x441;&#x442;&#x432;&#x438;&#x439;. &#x41f;&#x435;&#x440;&#x432;&#x44b;&#x439; &#x43c;&#x435;&#x441;&#x44f;&#x446; &#x443;&#x441;&#x43b;&#x443;&#x433;&#x430; &#x43f;&#x440;&#x435;&#x434;&#x43e;&#x441;&#x442;&#x430;&#x432;&#x43b;&#x44f;&#x435;&#x442;&#x441;&#x44f; &#x431;&#x435;&#x441;&#x43f;&#x43b;&#x430;&#x442;&#x43d;&#x43e;, &#x434;&#x430;&#x43b;&#x435;&#x435; &#x43a;&#x43e;&#x43c;&#x438;&#x441;&#x441;&#x438;&#x44f; &#x432;&#x437;&#x438;&#x43c;&#x430;&#x435;&#x442;&#x441;&#x44f; &#x432; &#x441;&#x43e;&#x43e;&#x442;&#x432;&#x435;&#x442;&#x441;&#x442;&#x432;&#x438;&#x438; &#x441; &#x422;&#x430;&#x440;&#x438;&#x444;&#x43d;&#x44b;&#x43c; &#x43f;&#x43b;&#x430;&#x43d;&#x43e;&#x43c; &#x2116; &#x422;&#x41f; 138-&#x43d;</description><cost>&#x41f;&#x435;&#x440;&#x432;&#x44b;&#x439; &#x43c;&#x435;&#x441;&#x44f;&#x446; - 0 &#x420;, &#x434;&#x430;&#x43b;&#x435;&#x435; &#x2013; 99 &#x420; &#x432; &#x43c;&#x435;&#x441;&#x44f;&#x446;. &#x41f;&#x43e;&#x434;&#x43a;&#x43b;&#x44e;&#x447;&#x438;&#x442;&#x435; &#x443;&#x441;&#x43b;&#x443;&#x433;&#x443; &#x438; &#x43f;&#x43e;&#x43b;&#x443;&#x447;&#x438;&#x442;&#x435; &#x432;&#x43e;&#x437;&#x43c;&#x435;&#x449;&#x435;&#x43d;&#x438;&#x435; &#x432; &#x441;&#x43b;&#x443;&#x447;&#x430;&#x435; &#x43c;&#x43e;&#x448;&#x435;&#x43d;&#x43d;&#x438;&#x447;&#x435;&#x441;&#x43a;&#x438;&#x445; &#x434;&#x435;&#x439;&#x441;&#x442;&#x432;&#x438;&#x439;.</cost><serviceId>1251</serviceId></formInfo><formInfo><marketLabel>&#x421;&#x442;&#x440;&#x430;&#x445;&#x43e;&#x432;&#x430;&#x44f; &#x437;&#x430;&#x449;&#x438;&#x442;&#x430; &#x43f;&#x43e; &#x43a;&#x430;&#x440;&#x442;&#x435;</marketLabel><description>&#x41f;&#x440;&#x43e;&#x433;&#x440;&#x430;&#x43c;&#x43c;&#x430; &#x410;&#x41e; ?&#x411;&#x430;&#x43d;&#x43a; &#x420;&#x443;&#x441;&#x441;&#x43a;&#x438;&#x439; &#x421;&#x442;&#x430;&#x43d;&#x434;&#x430;&#x440;&#x442;? &#x43f;&#x43e; &#x43e;&#x440;&#x433;&#x430;&#x43d;&#x438;&#x437;&#x430;&#x446;&#x438;&#x438; &#x441;&#x442;&#x440;&#x430;&#x445;&#x43e;&#x432;&#x430;&#x43d;&#x438;&#x44f; &#x41a;&#x43b;&#x438;&#x435;&#x43d;&#x442;&#x43e;&#x432; &#x43f;&#x43e;&#x437;&#x432;&#x43e;&#x43b;&#x44f;&#x435;&#x442; &#x437;&#x430;&#x441;&#x442;&#x440;&#x430;&#x445;&#x43e;&#x432;&#x430;&#x442;&#x44c; &#x436;&#x438;&#x437;&#x43d;&#x44c; &#x438; &#x437;&#x434;&#x43e;&#x440;&#x43e;&#x432;&#x44c;&#x435; &#x43a;&#x43b;&#x438;&#x435;&#x43d;&#x442;&#x430; &#x438; &#x43f;&#x440;&#x438; &#x43d;&#x430;&#x441;&#x442;&#x443;&#x43f;&#x43b;&#x435;&#x43d;&#x438;&#x438; &#x441;&#x442;&#x440;&#x430;&#x445;&#x43e;&#x432;&#x43e;&#x433;&#x43e; &#x441;&#x43b;&#x443;&#x447;&#x430;&#x44f; &#x437;&#x430;&#x434;&#x43e;&#x43b;&#x436;&#x435;&#x43d;&#x43d;&#x43e;&#x441;&#x442;&#x44c; &#x43f;&#x435;&#x440;&#x435;&#x434; &#x431;&#x430;&#x43d;&#x43a;&#x43e;&#x43c; &#x431;&#x443;&#x434;&#x435;&#x442; &#x43f;&#x43e;&#x433;&#x430;&#x448;&#x435;&#x43d;&#x430; &#x441;&#x442;&#x440;&#x430;&#x445;&#x43e;&#x432;&#x43e;&#x439; &#x43a;&#x43e;&#x43c;&#x43f;&#x430;&#x43d;&#x438;&#x435;&#x439;. &#x420;&#x430;&#x437;&#x43c;&#x435;&#x440; &#x432;&#x44b;&#x43f;&#x43b;&#x430;&#x442;&#x44b; &#x440;&#x430;&#x432;&#x435;&#x43d; &#x43d;&#x435;&#x43f;&#x43e;&#x433;&#x430;&#x448;&#x435;&#x43d;&#x43d;&#x43e;&#x439; &#x447;&#x430;&#x441;&#x442;&#x438; &#x437;&#x430;&#x434;&#x43e;&#x43b;&#x436;&#x435;&#x43d;&#x43d;&#x43e;&#x441;&#x442;&#x438;, &#x441;&#x443;&#x449;&#x435;&#x441;&#x442;&#x432;&#x443;&#x44e;&#x449;&#x435;&#x439; &#x43d;&#x430; &#x43d;&#x430;&#x447;&#x430;&#x43b;&#x43e; &#x440;&#x430;&#x441;&#x447;&#x435;&#x442;&#x43d;&#x43e;&#x433;&#x43e; &#x43f;&#x435;&#x440;&#x438;&#x43e;&#x434;&#x430;. &#x41f;&#x435;&#x440;&#x432;&#x44b;&#x435; &#x434;&#x432;&#x430; &#x43c;&#x435;&#x441;&#x44f;&#x446;&#x430; &#x443;&#x441;&#x43b;&#x443;&#x433;&#x430; &#x43f;&#x440;&#x435;&#x434;&#x43e;&#x441;&#x442;&#x430;&#x432;&#x43b;&#x44f;&#x435;&#x442;&#x441;&#x44f; &#x431;&#x435;&#x441;&#x43f;&#x43b;&#x430;&#x442;&#x43d;&#x43e;, &#x434;&#x430;&#x43b;&#x435;&#x435; &#x43a;&#x43e;&#x43c;&#x438;&#x441;&#x441;&#x438;&#x44f; &#x432;&#x437;&#x438;&#x43c;&#x430;&#x435;&#x442;&#x441;&#x44f; &#x432; &#x441;&#x43e;&#x43e;&#x442;&#x432;&#x435;&#x442;&#x441;&#x442;&#x432;&#x438;&#x438; &#x441; &#x422;&#x430;&#x440;&#x438;&#x444;&#x43d;&#x44b;&#x43c; &#x43f;&#x43b;&#x430;&#x43d;&#x43e;&#x43c; &#x2116; &#x422;&#x41f; 138-&#x43d;</description><cost>&#x41f;&#x435;&#x440;&#x432;&#x44b;&#x435; &#x434;&#x432;&#x430; &#x43c;&#x435;&#x441;&#x44f;&#x446;&#x430; - 0 &#x420;, &#x434;&#x430;&#x43b;&#x435;&#x435; &#x2013; 1.5% &#x43e;&#x442; &#x434;&#x43e;&#x43b;&#x433;&#x430; &#x432; &#x43c;&#x435;&#x441;&#x44f;&#x446;. &#x41f;&#x43e;&#x434;&#x43a;&#x43b;&#x44e;&#x447;&#x438;&#x442;&#x435; &#x443;&#x441;&#x43b;&#x443;&#x433;&#x443; &#x438; &#x434;&#x43e;&#x43b;&#x433; &#x43f;&#x43e; &#x43a;&#x430;&#x440;&#x442;&#x435; &#x431;&#x443;&#x434;&#x435;&#x442; &#x43f;&#x43e;&#x433;&#x430;&#x448;&#x435;&#x43d; &#x43f;&#x440;&#x438; &#x43d;&#x430;&#x441;&#x442;&#x443;&#x43f;&#x43b;&#x435;&#x43d;&#x438;&#x438; &#x441;&#x442;&#x440;&#x430;&#x445;&#x43e;&#x432;&#x43e;&#x433;&#x43e; &#x441;&#x43b;&#x443;&#x447;&#x430;&#x44f;</cost><serviceId>1319</serviceId></formInfo></ns2:getCreditCardServicesResponse></soap:Body></soap:Envelope>";0
"[2024-10-09 08:50:43.669] INFO r.r.l.WsLoggerServiceImpl WsLoggerServiceImpl.java:108 null http-nio-8080-exec-51 CardWS getCreditCardStatusAndParamsAll 01J9QX8SE7YAH41T1401VT1Q1T ws - [start_time=2024-10-09T05:50:43.655&request_addr=10.4.46.11&http_code=200&response_encoding=windows-1251&execution_time_nano=13496340&time_nano=53498278099523009&query_type=SOAP&user=mobilbank&document_type=ws_response&status=true&execution_time=13] <soap:Envelope xmlns:soap=""http://schemas.xmlsoap.org/soap/envelope/""><soap:Body><ns6:getCreditCardStatusAndParamsAllResponse xmlns:ns7=""http://eis.rsb.ru/api/xsd/common"" xmlns:ns6=""http://eis.rsb.ru/api/Card"" xmlns:ns5=""http://eis.rsb.ru/api/GPC"" xmlns:ns4=""http://eis.rsb.ru/api/VPC"" xmlns:ns3=""http://eis.rsb.ru/api/BalanceTransfer"" xmlns:ns2=""http://eis.rsb.ru/api/CardLimits""/></soap:Body></soap:Envelope>";0
"[2024-10-14 11:31:43.556] INFO r.r.l.WsLoggerServiceImpl WsLoggerServiceImpl.java:108 null http-nio-8080-exec-43 CreditWS getCreditDetailInfoList 01JA52F5WN5CV703MFFYDE17X3 ws - [start_time=2024-10-14T08:31:43.509&request_addr=10.30.70.13&http_code=200&response_encoding=UTF-8&execution_time_nano=46370026&time_nano=72602677870930277&query_type=SOAP&user=internetbank&document_type=ws_response&status=true&execution_time=46] <soap:Envelope xmlns:soap=""http://schemas.xmlsoap.org/soap/envelope/""><soap:Body><ns2:getCreditDetailInfoListResponse xmlns:ns2=""http://eis.rsb.ru/api/Credit"" xmlns:ns3=""http://eis.rsb.ru/api/xsd/common""><creditInfoList><creditInfo><blankId>260297036</blankId><frontContractId>92659119</frontContractId><productName>Привлекательный PIL (кредитная линия)</productName><productType>1</productType><contractNumber>800565251</contractNumber><creditTerm>36</creditTerm><rate>34.900000</rate><contractDate>05.12.2023</contractDate><creditAmount>36480.00</creditAmount><accountBalance>0.00</accountBalance><closingDate>05.12.2026</closingDate><totalCreditAmount>30582.53</totalCreditAmount><totalCreditAmountWithBalance>30582.53</totalCreditAmountWithBalance><principalBalance>29618.02</principalBalance><finalRequirement>0</finalRequirement><paymentDate>05.11.2024</paymentDate><currentPayment>1739.00</currentPayment><currentPaymentWithBalance>1739.00</currentPaymentWithBalance><currentPaymentComposition><currentPaymentSchedule>1739.00</currentPaymentSchedule><currentPaymentScheduleComposition><ratePart>875.51</ratePart><repaymentPart>774.49</repaymentPart><commission>89.00</commission></currentPaymentScheduleComposition><unpaidPaymentsAmount>0.00</unpaidPaymentsAmount><finesAmount>0.00</finesAmount></currentPaymentComposition><creditVacationCB><hasApprovedApplication>0</hasApprovedApplication><canMakeApplication>0</canMakeApplication><hasApprovedApplicationForMobilized>0</hasApprovedApplicationForMobilized></creditVacationCB><earlyPartLoanRepayment><isEarlyPartRepaymentAvailable>3</isEarlyPartRepaymentAvailable><maxRepaymentSum>28843.53</maxRepaymentSum></earlyPartLoanRepayment><earlyRepayment><isEarlyRepaymentAvailable>1</isEarlyRepaymentAvailable><earlyRepaymentSign>1</earlyRepaymentSign><isEarlyRepaymentActive>0</isEarlyRepaymentActive></earlyRepayment><changePaymentDate><isChangePaymentDateAvailable>1</isChangePaymentDateAvailable><fee>0.00</fee><conditionsLink>https://tariffolds.rsb.ru/f/1/documents/document_7361_2022-03-28.pdf</conditionsLink></changePaymentDate></creditInfo></creditInfoList></ns2:getCreditDetailInfoListResponse></soap:Body></soap:Envelope>";0
"[2024-10-14 12:06:27.929] INFO r.r.l.WsLoggerServiceImpl WsLoggerServiceImpl.java:108 null http-nio-8080-exec-56 CreditWS getCreditReportInfo 01JA54ERY4HDFS0R8RTYEQ0BYT ws - [start_time=2024-10-14T09:06:27.396&request_addr=10.4.46.11&http_code=200&response_encoding=windows-1251&execution_time_nano=532755822&time_nano=72604762243913414&query_type=SOAP&user=mobilbank&document_type=ws_response&status=true&execution_time=532] <soap:Envelope xmlns:soap=""http://schemas.xmlsoap.org/soap/envelope/""><soap:Body><ns2:getCreditReportInfoResponse xmlns:ns3=""http://eis.rsb.ru/api/xsd/common"" xmlns:ns2=""http://eis.rsb.ru/api/Credit""><trafficLight>G</trafficLight><scoreResult>449</scoreResult><scoreDescription>&#x417;&#x430;&#x435;&#x43c;&#x449;&#x438;&#x43a; &#x441;&#x43e; &#x441;&#x440;&#x435;&#x434;&#x43d;&#x438;&#x43c; &#x443;&#x440;&#x43e;&#x432;&#x43d;&#x435;&#x43c; &#x43d;&#x430;&#x434;&#x435;&#x436;&#x43d;&#x43e;&#x441;&#x442;&#x438;</scoreDescription><scoreMaxValue>620</scoreMaxValue><lastCreditReport/><fee>380</fee><account>40702810700000001140</account><inn>7719562097</inn></ns2:getCreditReportInfoResponse></soap:Body></soap:Envelope>";0
"[2024-10-11 19:43:22.156] INFO r.r.l.WsLoggerServiceImpl WsLoggerServiceImpl.java:108 null http-nio-8080-exec-86 CreditWS getCreditReportInfo 01J9Y7D851E70H0ZKE1HT21H6T ws - [start_time=2024-10-11T16:43:22.145&request_addr=10.4.46.11&http_code=500&response_encoding=windows-1251&execution_time_nano=10624841&time_nano=5779071636531945&query_type=SOAP&user=mobilbank&document_type=ws_response&status=false&execution_time=10] <soap:Envelope xmlns:soap=""http://schemas.xmlsoap.org/soap/envelope/""><soap:Body><soap:Fault><faultcode>soap:Server</faultcode><faultstring>WebService processing exception</faultstring><detail><ns2:eisFault xmlns:ns3=""http://eis.rsb.ru/api/Credit"" xmlns:ns2=""http://eis.rsb.ru/api/xsd/common""><type>service</type><code>-2147483648</code><message>Unrecognized token '&#x421;&#x43b;&#x443;&#x436;&#x431;&#x430;': was expecting (JSON String, Number, Array, Object or token 'null', 'true' or 'false') at [Source: REDACTED (`StreamReadFeature.INCLUDE_SOURCE_IN_LOCATION` disabled); line: 1, column: 7]</message><requestId>01J9Y7D851E70H0ZKE1HT21H6T</requestId></ns2:eisFault></detail></soap:Fault></soap:Body></soap:Envelope>";0
"[2024-10-14 12:43:49.587] INFO r.r.l.WsLoggerServiceImpl WsLoggerServiceImpl.java:108 null http-nio-8080-exec-46 AccountWS getDebtForProductIb 01JA56K6GG3H6F1640TA300PJJ ws - [start_time=2024-10-14T09:43:49.520&request_addr=10.30.70.17&http_code=200&response_encoding=UTF-8&execution_time_nano=66633563&time_nano=53944264017641792&query_type=SOAP&user=internetbank&document_type=ws_response&status=true&execution_time=66] <soap:Envelope xmlns:soap=""http://schemas.xmlsoap.org/soap/envelope/""><soap:Body><ns2:getDebtForProductIbResponse xmlns:ns2=""http://eis.rsb.ru/api/Account"" xmlns:ns3=""http://eis.rsb.ru/api/xsd/common""><return><debtAmount>0</debtAmount><minimalPaymentAmount>0</minimalPaymentAmount><nextPaymentDate>2024-11-06T00:00:00+03:00</nextPaymentDate><remainingMinAmount>0</remainingMinAmount><reservedAmount>0</reservedAmount><isCreditVacation>0</isCreditVacation><creditVacationCB><hasApprovedApplication>0</hasApprovedApplication><canMakeApplication>0</canMakeApplication></creditVacationCB><isPlatinum100Plus>0</isPlatinum100Plus><unpaidPaymentsAmount>0</unpaidPaymentsAmount></return></ns2:getDebtForProductIbResponse></soap:Body></soap:Envelope>";0
"[2024-10-14 15:51:58.439] INFO r.r.l.WsLoggerServiceImpl WsLoggerServiceImpl.java:108 null http-nio-8080-exec-93 CreditProcessingWS updateCreditDecisionData 01JA5HBPKQ98RJ1ARPE14F16EF ws - [start_time=2024-10-14T12:51:58.199&request_addr=10.33.11.19&http_code=200&response_encoding=UTF-8&execution_time_nano=239855655&time_nano=53955552869921466&query_type=SOAP&user=sas_rtdm&document_type=ws_response&status=true&execution_time=239] <soap:Envelope xmlns:soap=""http://schemas.xmlsoap.org/soap/envelope/""><soap:Body><ns2:updateCreditDecisionDataResponse xmlns:ns2=""http://eis.rsb.ru/api/CreditProcessing"" xmlns:ns3=""http://eis.rsb.ru/api/xsd/common""><result><code>0</code><message>OK</message></result></ns2:updateCreditDecisionDataResponse></soap:Body></soap:Envelope>";0
"[2024-10-15 12:52:33.188] INFO r.r.l.WsLoggerServiceImpl WsLoggerServiceImpl.java:108 null http-nio-8080-exec-48 CardWS setCardNewPinDbo 01JA7SFWRANJKT1YR5657A0G95 ws - [start_time=2024-10-15T09:52:33.034&request_addr=10.4.46.11&http_code=500&response_encoding=windows-1251&execution_time_nano=154530179&time_nano=72693927503448810&query_type=SOAP&user=mobilbank&document_type=ws_response&status=false&execution_time=154] <soap:Envelope xmlns:soap=""http://schemas.xmlsoap.org/soap/envelope/""><soap:Body><soap:Fault><faultcode>soap:Server</faultcode><faultstring>WebService processing exception</faultstring><detail><ns6:eisFault xmlns:ns7=""http://eis.rsb.ru/api/Card"" xmlns:ns6=""http://eis.rsb.ru/api/xsd/common"" xmlns:ns5=""http://eis.rsb.ru/api/CardLimits"" xmlns:ns4=""http://eis.rsb.ru/api/BalanceTransfer"" xmlns:ns3=""http://eis.rsb.ru/api/VPC"" xmlns:ns2=""http://eis.rsb.ru/api/GPC""><type>service</type><code>-1</code><message>&#x41d;&#x435;&#x438;&#x437;&#x432;&#x435;&#x441;&#x442;&#x43d;&#x430;&#x44f; &#x43e;&#x448;&#x438;&#x431;&#x43a;&#x430;</message><requestId>01JA7SFWRANJKT1YR5657A0G95</requestId></ns6:eisFault></detail></soap:Fault></soap:Body></soap:Envelope>";0
"[2024-10-15 13:36:26.134] INFO r.r.l.WsLoggerServiceImpl WsLoggerServiceImpl.java:108 null http-nio-8080-exec-48 CardWS setCardNewPIN 01JA7W07QCB3Q50D0FV2E91M3V ws - [start_time=2024-10-15T10:36:25.708&request_addr=10.30.101.10&http_code=200&response_encoding=UTF-8&execution_time_nano=426420349&time_nano=54033820565068731&query_type=SOAP&user=changepin&document_type=ws_response&status=true&execution_time=426] <soap:Envelope xmlns:soap=""http://schemas.xmlsoap.org/soap/envelope/""><soap:Body><ns4:setCardNewPINResponse xmlns:ns2=""http://eis.rsb.ru/api/VPC"" xmlns:ns3=""http://eis.rsb.ru/api/GPC"" xmlns:ns4=""http://eis.rsb.ru/api/Card"" xmlns:ns5=""http://eis.rsb.ru/api/BalanceTransfer"" xmlns:ns6=""http://eis.rsb.ru/api/CardLimits"" xmlns:ns7=""http://eis.rsb.ru/api/xsd/common""><result>Ok</result><resultText>ИБ и МБ. Пользователь с таким идентификатором клиента уже существует в системе</resultText></ns4:setCardNewPINResponse></soap:Body></soap:Envelope>";0
"[2024-10-15 06:21:04.814] INFO r.r.l.WsLoggerServiceImpl WsLoggerServiceImpl.java:108 null http-nio-8080-exec-59 CardStatementWS checkSmsCodeForStatement 01JA73330RMWNC0AP0XQMC06GQ ws - [start_time=2024-10-15T03:21:04.792&request_addr=10.30.101.26&http_code=200&response_encoding=UTF-8&execution_time_nano=21565774&time_nano=6073977294736321&query_type=SOAP&user=statement&document_type=ws_response&status=true&execution_time=21] <soap:Envelope xmlns:soap=""http://schemas.xmlsoap.org/soap/envelope/""><soap:Body><ns3:checkSmsCodeForStatementResponse xmlns:ns2=""http://eis.rsb.ru/api/xsd/common"" xmlns:ns3=""http://eis.rsb.ru/api/CardStatement""><resultInfo><code>0</code><message>Все проверки пройдены</message></resultInfo></ns3:checkSmsCodeForStatementResponse></soap:Body></soap:Envelope>";0
"[2024-10-15 15:38:51.223] INFO r.r.l.WsLoggerServiceImpl WsLoggerServiceImpl.java:108 null http-nio-8080-exec-59 InsuranceWS getInsuranceData 01JA830D2244YN1RM9GMDD1X4F ws - [start_time=2024-10-15T12:38:51.202&request_addr=10.4.46.11&http_code=200&response_encoding=windows-1251&execution_time_nano=20594479&time_nano=6110000703359210&query_type=SOAP&user=mobilbank&document_type=ws_response&status=true&execution_time=20] <soap:Envelope xmlns:soap=""http://schemas.xmlsoap.org/soap/envelope/""><soap:Body><ns2:getInsuranceDataResponse xmlns:ns3=""http://eis.rsb.ru/api/xsd/common"" xmlns:ns2=""http://eis.rsb.ru/api/Insurance""><resultInfo><code>0</code><message>OK</message></resultInfo></ns2:getInsuranceDataResponse></soap:Body></soap:Envelope>";0
"[2024-10-15 16:00:56.770] INFO r.r.l.WsLoggerServiceImpl WsLoggerServiceImpl.java:108 null http-nio-8080-exec-16 CreditWS getCreditDetailInfo 01JA848VGV55RH0QTEET0S0MRG ws - [start_time=2024-10-15T13:00:56.731&request_addr=10.4.46.11&http_code=200&response_encoding=windows-1251&execution_time_nano=39850281&time_nano=6108769251330978&query_type=SOAP&user=mobilbank&document_type=ws_response&status=true&execution_time=39] <soap:Envelope xmlns:soap=""http://schemas.xmlsoap.org/soap/envelope/""><soap:Body><ns2:getCreditDetailInfoResponse xmlns:ns3=""http://eis.rsb.ru/api/xsd/common"" xmlns:ns2=""http://eis.rsb.ru/api/Credit""><blankId>257182630</blankId><frontContractId>91651328</frontContractId><productName>&#x41f;&#x440;&#x438;&#x432;&#x43b;&#x435;&#x43a;&#x430;&#x442;&#x435;&#x43b;&#x44c;&#x43d;&#x44b;&#x439; PIL (&#x43a;&#x440;&#x435;&#x434;&#x438;&#x442;&#x43d;&#x430;&#x44f; &#x43b;&#x438;&#x43d;&#x438;&#x44f;)</productName><productType>1</productType><contractNumber>800472470</contractNumber><creditTerm>60</creditTerm><rate>23.000000</rate><contractDate>26.04.2023</contractDate><creditAmount>607600.00</creditAmount><accountBalance>0.00</accountBalance><closingDate>25.04.2028</closingDate><totalCreditAmount>508579.40</totalCreditAmount><totalCreditAmountWithBalance>508579.40</totalCreditAmountWithBalance><principalBalance>499081.49</principalBalance><finalRequirement>0</finalRequirement><paymentDate>26.10.2024</paymentDate><currentPayment>17219.00</currentPayment><currentPaymentWithBalance>17219.00</currentPaymentWithBalance><currentPaymentComposition><currentPaymentSchedule>17219.00</currentPaymentSchedule><currentPaymentScheduleComposition><ratePart>9408.91</ratePart><repaymentPart>7721.09</repaymentPart><commission>89.00</commission></currentPaymentScheduleComposition><unpaidPaymentsAmount>0.00</unpaidPaymentsAmount><finesAmount>0.00</finesAmount></currentPaymentComposition><creditVacationCB><hasApprovedApplication>0</hasApprovedApplication><canMakeApplication>0</canMakeApplication><hasApprovedApplicationForMobilized>0</hasApprovedApplicationForMobilized></creditVacationCB><earlyPartLoanRepayment><isEarlyPartRepaymentAvailable>3</isEarlyPartRepaymentAvailable><maxRepaymentSum>491360.40</maxRepaymentSum></earlyPartLoanRepayment><earlyRepayment><isEarlyRepaymentAvailable>1</isEarlyRepaymentAvailable><earlyRepaymentSign>1</earlyRepaymentSign><isEarlyRepaymentActive>0</isEarlyRepaymentActive></earlyRepayment><changePaymentDate><isChangePaymentDateAvailable>1</isChangePaymentDateAvailable><fee>0.00</fee><conditionsLink>https://tariffolds.rsb.ru/f/1/documents/document_7361_2022-03-28.pdf</conditionsLink></changePaymentDate></ns2:getCreditDetailInfoResponse></soap:Body></soap:Envelope>";0
"[2024-10-16 13:55:01.562] INFO r.r.l.WsLoggerServiceImpl WsLoggerServiceImpl.java:108 null http-nio-8080-exec-23 CardWS getPaymentForCardIssuingAndServicing 01JAAFEW9R07PE000F4Z8204DQ ws - [start_time=2024-10-16T10:54:57.336&request_addr=10.4.46.11&http_code=200&response_encoding=windows-1251&execution_time_nano=4225715956&time_nano=72784075877341587&query_type=SOAP&user=mobilbank&document_type=ws_response&status=true&execution_time=4225] <soap:Envelope xmlns:soap=""http://schemas.xmlsoap.org/soap/envelope/""><soap:Body><ns2:getPaymentForCardIssuingAndServicingResponse xmlns:ns7=""http://eis.rsb.ru/api/VPC"" xmlns:ns6=""http://eis.rsb.ru/api/GPC"" xmlns:ns5=""http://eis.rsb.ru/api/xsd/common"" xmlns:ns4=""http://eis.rsb.ru/api/BalanceTransfer"" xmlns:ns3=""http://eis.rsb.ru/api/CardLimits"" xmlns:ns2=""http://eis.rsb.ru/api/Card""><paymentType>2</paymentType><isRanging>2</isRanging><firstPeriodSum>590</firstPeriodSum><currency>R</currency><discount>0</discount><resultInfo><code>0</code><message>OK</message></resultInfo></ns2:getPaymentForCardIssuingAndServicingResponse></soap:Body></soap:Envelope>";0
"[2024-10-28 17:31:19.647] INFO r.r.l.WsLoggerServiceImpl WsLoggerServiceImpl.java:108 null http-nio-8080-exec-79 ClientDataWS getReferencesList 01JB9RKP7V2CRG11X720221H8K ws - [start_time=2024-10-28T14:31:19.547&request_addr=10.30.70.17&http_code=200&response_encoding=UTF-8&execution_time_nano=100783568&time_nano=73833853962702717&query_type=SOAP&user=internetbank&document_type=ws_response&status=true&execution_time=100] <soap:Envelope xmlns:soap=""http://schemas.xmlsoap.org/soap/envelope/""><soap:Body><ns6:getReferencesListResponse xmlns:ns2=""http://eis.rsb.ru/api/xsd/bcExpress"" xmlns:ns3=""http://eis.rsb.ru/api/xsd/riskInfo"" xmlns:ns4=""http://eis.rsb.ru/api/xsd/common"" xmlns:ns5=""http://eis.rsb.ru/api/xsd/blackList"" xmlns:ns6=""http://eis.rsb.ru/api/ClientData""><referenceInfo><referenceInfoItem><referenceNumber>5</referenceNumber><referenceName>Справка о доступном остатке по вкладу</referenceName></referenceInfoItem><referenceInfoItem><referenceNumber>6</referenceNumber><referenceName>Справка о заключении договора банковского вклада</referenceName></referenceInfoItem><referenceInfoItem><referenceNumber>9</referenceNumber><referenceName>Справка о доступном остатке по вкладу (англ)</referenceName></referenceInfoItem><referenceInfoItem><referenceNumber>12</referenceNumber><referenceName>Справка об открытых счетах</referenceName></referenceInfoItem><referenceInfoItem><referenceNumber>13</referenceNumber><referenceName>Справка о закрытых счетах и расторгнутых договорах</referenceName></referenceInfoItem><referenceInfoItem><referenceNumber>15</referenceNumber><referenceName>Для госслужащих За 2022 год, Отчетная дата 31.12.2022</referenceName></referenceInfoItem><referenceInfoItem><referenceNumber>18</referenceNumber><referenceName>Справка о выплаченном доходе по договорам</referenceName></referenceInfoItem></referenceInfo></ns6:getReferencesListResponse></soap:Body></soap:Envelope>";0
"[2024-10-28 17:31:18.778] INFO r.r.l.WsLoggerServiceImpl WsLoggerServiceImpl.java:108 null http-nio-8080-exec-29 UtilsWS executeProcedure 01JB9RKNCJDF0N1NEGGF6S02VF ws - [request_addr=10.30.73.10&procedure_full_name=rback.collection.pkg_coll4frontbrs_api.getclientdebtnew&time_nano=7237391258549372&query_type=SOAP&execution_time=103&start_time=2024-10-28T14:31:18.674&procedure_alias=rback.collection.pkg_coll4frontbrs_api.getclientdebtnew&http_code=200&response_encoding=UTF-8&execution_time_nano=103368092&user=frontbrs&document_type=ws_response&status=true] <soap:Envelope xmlns:soap=""http://schemas.xmlsoap.org/soap/envelope/""><soap:Body><ns3:executeProcedureResponse xmlns:ns2=""urn:SoapOut"" xmlns:ns3=""http://eis.rsb.ru/api/Utils"" xmlns:ns4=""http://eis.rsb.ru/api/xsd/common""><resultSet name=""p_cur"" isCutted=""false"" size=""1""><columns><column idx=""0"" type=""NUMERIC"" size=""13"">IDBLANK</column><column idx=""1"" type=""NUMERIC"" size=""39"">IDCS</column><column idx=""2"" type=""NUMERIC"" size=""39"">IDFROMCS</column><column idx=""3"" type=""VARCHAR"" size=""40"">N_DOG</column><column idx=""4"" type=""VARCHAR"" size=""512"">PRODUCT_LABEL</column><column idx=""5"" type=""VARCHAR"" size=""10"">STNUM</column><column idx=""6"" type=""NUMERIC"" size=""39"">SUMKRED</column><column idx=""7"" type=""NUMERIC"" size=""39"">EARLYREPAYMENT</column><column idx=""8"" type=""NUMERIC"" size=""39"">STMPAY</column><column idx=""9"" type=""NUMERIC"" size=""39"">REVENUEPAY</column><column idx=""10"" type=""NUMERIC"" size=""39"">MINPAY</column><column idx=""11"" type=""TIMESTAMP"" size=""7"">STMPAYDATE</column><column idx=""12"" type=""NUMERIC"" size=""39"">STMRECEIPTSUM</column><column idx=""13"" type=""NUMERIC"" size=""39"">FULLDEBT</column><column idx=""14"" type=""NUMERIC"" size=""39"">ISZT</column><column idx=""15"" type=""VARCHAR"" size=""5"">ARREST</column><column idx=""16"" type=""VARCHAR"" size=""16"">LOGIN</column><column idx=""17"" type=""TIMESTAMP"" size=""7"">DATE_CRED</column><column idx=""18"" type=""NUMERIC"" size=""39"">IDSTATUS</column><column idx=""19"" type=""NUMERIC"" size=""39"">DOGEXIT</column><column idx=""20"" type=""TIMESTAMP"" size=""7"">DATEXIT</column><column idx=""21"" type=""VARCHAR"" size=""128"">FIO</column><column idx=""22"" type=""NUMERIC"" size=""39"">PRODUCT_CLASS_NUMBER</column><column idx=""23"" type=""VARCHAR"" size=""10"">CB</column><column idx=""24"" type=""VARCHAR"" size=""10"">COUNTER2</column><column idx=""25"" type=""VARCHAR"" size=""4000"">DATEBEGIN_CH</column><column idx=""26"" type=""VARCHAR"" size=""4000"">DATEEND_CH</column><column idx=""27"" type=""VARCHAR"" size=""4000"">SROK_CH</column><column idx=""28"" type=""VARCHAR"" size=""4000"">TYPEPARTPAY_CH</column><column idx=""29"" type=""VARCHAR"" size=""4000"">HINT_CH</column></columns><data><r><c idx=""0"">257444942</c><c idx=""1"">99004</c><c idx=""2"">99004</c><c idx=""3"">900439765</c><c idx=""4"">Банк в кармане</c><c idx=""5"">0</c><c idx=""6"">0</c><c idx=""7"">0</c><c idx=""8"">0</c><c idx=""9"">0</c><c idx=""10"">0</c><c idx=""11"">2024-11-14 00:00:00.0</c><c idx=""12"">0</c><c idx=""13"">0</c><c idx=""14"">0</c><c idx=""17"">2023-05-15 19:44:44.0</c><c idx=""18"">34</c><c idx=""19"">0</c><c idx=""22"">3</c><c idx=""23"">17</c><c idx=""24"">0</c></r></data></resultSet><resultSet name=""RetValue"" isCutted=""false"" size=""1""><columns><column idx=""0"" type=""NUMERIC""/></columns><data><r><c idx=""0"">1</c></r></data></resultSet></ns3:executeProcedureResponse></soap:Body></soap:Envelope>";0
"[2024-10-28 17:31:19.326] INFO r.r.l.WsLoggerServiceImpl WsLoggerServiceImpl.java:108 null http-nio-8080-exec-9 CardWS getCreditCardStatusAndParamsAll 01JB9RKP0KT3DW00VGEV2R0PQH ws - [start_time=2024-10-28T14:31:19.315&request_addr=10.30.70.13&http_code=200&response_encoding=UTF-8&execution_time_nano=11459326&time_nano=73833853641784664&query_type=SOAP&user=internetbank&document_type=ws_response&status=true&execution_time=11] <soap:Envelope xmlns:soap=""http://schemas.xmlsoap.org/soap/envelope/""><soap:Body><ns4:getCreditCardStatusAndParamsAllResponse xmlns:ns2=""http://eis.rsb.ru/api/GPC"" xmlns:ns3=""http://eis.rsb.ru/api/BalanceTransfer"" xmlns:ns4=""http://eis.rsb.ru/api/Card"" xmlns:ns5=""http://eis.rsb.ru/api/xsd/common"" xmlns:ns6=""http://eis.rsb.ru/api/CardLimits"" xmlns:ns7=""http://eis.rsb.ru/api/VPC""><applicationInfo><activeOffer>0</activeOffer></applicationInfo></ns4:getCreditCardStatusAndParamsAllResponse></soap:Body></soap:Envelope>";0
"[2024-10-28 17:31:18.642] INFO r.r.l.WsLoggerServiceImpl WsLoggerServiceImpl.java:108 null http-nio-8080-exec-33 ClientDataWS checkClientPersonalDataAgreement 01JB9RKNB69SPB0H0D8BB71JD2 ws - [start_time=2024-10-28T14:31:18.630&request_addr=10.4.46.11&http_code=200&response_encoding=windows-1251&execution_time_nano=12532184&time_nano=73833852957385469&query_type=SOAP&user=mobilbank&document_type=ws_response&status=true&execution_time=12] <soap:Envelope xmlns:soap=""http://schemas.xmlsoap.org/soap/envelope/""><soap:Body><ns6:checkClientPersonalDataAgreementResponse xmlns:ns6=""http://eis.rsb.ru/api/ClientData"" xmlns:ns5=""http://eis.rsb.ru/api/xsd/blackList"" xmlns:ns4=""http://eis.rsb.ru/api/xsd/common"" xmlns:ns3=""http://eis.rsb.ru/api/xsd/riskInfo"" xmlns:ns2=""http://eis.rsb.ru/api/xsd/bcExpress""><resultInfo><code>1</code><message>&#x41a;&#x43b;&#x438;&#x435;&#x43d;&#x442; &#x441;&#x43e;&#x433;&#x43b;&#x430;&#x441;&#x435;&#x43d;</message></resultInfo><agreements><agreement><acceptType>57</acceptType><acceptName>&#x421;&#x43e;&#x433;&#x43b;&#x430;&#x441;&#x438;&#x435; &#x43d;&#x430; &#x43e;&#x431;&#x440;&#x430;&#x431;&#x43e;&#x442;&#x43a;&#x443; &#x41f;&#x414;&#x43d; &#x41e;&#x41e;&#x41e; ""&#x41a;&#x420;&#x415;&#x414;&#x418;&#x422;&#x41d;&#x41e;&#x415; &#x411;&#x42e;&#x420;&#x41e; &#x420;&#x423;&#x421;&#x421;&#x41a;&#x418;&#x419; &#x421;&#x422;&#x410;&#x41d;&#x414;&#x410;&#x420;&#x422;"" (7719562097)</acceptName><valid>true</valid></agreement></agreements></ns6:checkClientPersonalDataAgreementResponse></soap:Body></soap:Envelope>";0
